structureRankPerFormula	formulaRank	ConfidenceScore	CSI:FingerIDScore	molecularFormula	adduct	InChIkey2D	InChI	name	smiles	xlogp	pubchemids	links	dbflags
1	1	0.18600854949071	-228.5642947365175	C22H24ClN3O	[M + H]+	MBUVEWMHONZEQD	InChI=1S/C22H24ClN3O/c1-25-13-4-5-18(12-14-25)26-22(27)20-7-3-2-6-19(20)21(24-26)15-16-8-10-17(23)11-9-16/h2-3,6-11,18H,4-5,12-15H2,1H3	Azelastina	CN1CCCC(CC1)N2C(=O)C3=CC=CC=C3C(=N2)CC4=CC=C(C=C4)Cl	4.4000001	2267;12831280;12831281;25273591;24848191;28125509;46201088;46214015;46214016;46214017;46214018;46214019;46214195;46214196;46214197;46214198;46214366;46214367;46214368;46214369;46214525;46214526;46216206;46216207;46216208;46216209;46216369;46216370;46216371;46216372;46216373;46216546;46216547;46216548;46216549;46780512;71313552	HMDB:(15107);SuperNatural:(SN00001801 SN00001649);ZINC bio:(ZINC00601229 ZINC00897240);additional;HSDB:(58581-89-8);MeSH:(2267);PubMed;NORMAN:(NS00003187);COCONUT:(CNP0039630 CNP0349374);database;PubChem:(2267 12831280 12831281 25273591 24848191 28125509 46201088 46214015 46214016 46214017 46214018 46214019 46214195 46214196 46214197 46214198 46214366 46214367 46214368 46214369 46214525 46214526 46216206 46216207 46216208 46216209 46216369 46216370 46216371 46216372 46216373 46216546 46216547 46216548 46216549 46780512 71313552);CHEBI:(55363 2950 55362);PubChem class - bio and metabolites;KEGG:(C07768);PubChem class - safety and toxic;PubChem class - drug	68840858478