structureRankPerFormula	formulaRank	ConfidenceScore	CSI:FingerIDScore	molecularFormula	adduct	InChIkey2D	InChI	name	smiles	xlogp	pubchemids	links	dbflags
1	1	0.09116394814485825	-179.57043903989876	C4H7N3O	[M + H]+	DDRJAANPRJIHGJ	InChI=1S/C4H7N3O/c1-7-2-3(8)6-4(7)5/h2H2,1H3,(H2,5,6,8)	Kreatinin	CN1CC(=O)N=C1N	-0.936245918	588;6971049;12205443;16213404;53754815;71309782;71315002;76973331;76973332;76973333;76973630;76973631;87178228;89612900;118690941;126504184;126504188;126504248;126504378;131708647;136212971;137319715;138402729	HMDB:(562);SuperNatural:(SN00001894);ZINC bio:(ZINC00895382 ZINC00967189);additional;MeSH:(588 137319715);Plantcyc:(CREATININE);PubMed;NORMAN:(NS00009814);COCONUT:(CNP0309599);Natural Products:(UNPD95113 UNPD189249);database;PubChem:(588 6971049 12205443 16213404 53754815 71309782 71315002 76973331 76973332 76973333 76973630 76973631 87178228 89612900 118690941 126504184 126504188 126504248 126504378 131708647 136212971 137319715 138402729);CHEBI:(16737);PubChem class - bio and metabolites;KEGG:(C00791);PubChem class - safety and toxic;PubChem class - drug;Biocyc:(CREATININE)	68841023854
2	1	N/A	-189.7335122208184	C4H7N3O	[M + H]+	KXLLKSHFFVQKTQ	InChI=1S/C4H7N3O/c5-2-1-3-7-4(6)8/h1,3H2,(H3,6,7,8)	2-Cyanoethylurea	C(CNC(=O)N)C#N	-1.29999995	96033	MeSH:(96033);database;PubChem class - safety and toxic;PubChem:(96033);PubMed	68786585670
3	1	N/A	-203.96712187091273	C4H7N3O	[M + H]+	BTXYOFGSUFEOLA	InChI=1S/C4H7N3O/c1-7-2-3(8)6-4(7)5/h2,8H,1H3,(H2,5,6)	2-Amino-1-methylimidazol-4-ol	CN1C=C(N=C1N)O	-0.400000006	26009888	PubChem:(26009888);PubMed;database	68719476802
4	1	N/A	-220.32007355121405	C4H7N3O	[M + H]+	HZDLDFBKYBGNHG	InChI=1S/C4H7N3O/c1-7(6-8)4-2-3-5/h2,4H2,1H3	3-Methylnitrosaminopropionitrile	CN(CCC#N)N=O	-0.100000001	62163;71750525	database;PubChem:(62163 71750525);CHEBI:(82359);ZINC bio:(ZINC05698930);MeSH:(62163);KEGG:(C19280);PubChem class - safety and toxic;PubMed	68786594150
5	1	N/A	-226.30051460010958	C4H7N3O	[M + H]+	PPVUWDCETZMPLT	InChI=1S/C4H7N3O/c5-4(8)7-3-1-2-6-7/h1-2,6H,3H2,(H2,5,8)	null	C1C=CNN1C(=O)N	-0.5	67065404	PubChem:(67065404);database	68719476738