structureRankPerFormula	formulaRank	ConfidenceScore	CSI:FingerIDScore	molecularFormula	adduct	InChIkey2D	InChI	name	smiles	xlogp	pubchemids	links	dbflags
1	1	0.22460575296370347	-67.12091197068611	C33H25F3O4	[M - H]-	KKBGNYHHEIAGOH	InChI=1S/C33H25F3O4/c34-33(35,36)24-13-9-20(10-14-24)19-39-25-15-11-21(12-16-25)23-17-22-5-1-2-6-26(22)28(18-23)30-31(37)27-7-3-4-8-29(27)40-32(30)38/h1-16,23,28,37H,17-19H2	Stratgem	C1C(CC2=CC=CC=C2C1C3=C(C4=CC=CC=C4OC3=O)O)C5=CC=C(C=C5)OCC6=CC=C(C=C6)C(F)(F)F	7.69999981	54698175;54712713;54712714;76960465;76960466;135354209;139025671	NORMAN:(NS00003444 NS00019925);database;PubChem:(54698175 54712713 54712714 76960465 76960466 135354209 139025671);CHEBI:(81894);ZINC bio:(ZINC02383031 ZINC43061727 ZINC43061730 ZINC43061733);PubChem class - bio and metabolites;HSDB:(90035-08-8);MeSH:(54698175);KEGG:(C18696);PubChem class - safety and toxic;Training Set;PubMed	68803650406
2	1	N/A	-156.28098637370158	C33H25F3O4	[M - H]-	OWUZCVPRFKSBRG	InChI=1S/C33H25F3O4/c34-33(35,36)24-13-9-20(10-14-24)19-39-25-15-11-21(12-16-25)23-17-22-5-1-2-6-26(22)28(18-23)30-31(37)27-7-3-4-8-29(27)40-32(30)38/h1-16,23,28,38H,17-19H2	null	O=c1c(C2CC(c3ccc(OCc4ccc(C(F)(F)F)cc4)cc3)Cc3ccccc32)c(O)oc2ccccc12	8.480635311538004	""	""	0