structureRankPerFormula	formulaRank	ConfidenceScore	CSI:FingerIDScore	molecularFormula	adduct	InChIkey2D	InChI	name	smiles	xlogp	pubchemids	links	dbflags
1	1	0.2459987056288265	-72.62032808017878	C24H46O11	[M + H3N + H]+	NLEBIOOXCVAHBD	InChI=1S/C24H46O11/c1-2-3-4-5-6-7-8-9-10-11-12-32-23-21(31)19(29)22(16(14-26)34-23)35-24-20(30)18(28)17(27)15(13-25)33-24/h15-31H,2-14H2,1H3	AmbotzGBB1350	CCCCCCCCCCCCOC1C(C(C(C(O1)CO)OC2C(C(C(C(O2)CO)O)O)O)O)O	1.39999998	114880;445456;2802066;3481630;9849225;10994843;10413991;16220143;25021193;24802120;24802121;44119948;46936627;53393702;60087035;56845466;59615220;58112562;58253045;68322761;68338004;68441652;70796428;70813879;70839937;76973994;75487624;90817611;91094859;89796216;95566087;95566088;95566089;95566090;91608950;96327540;98046621;98046622;98046623;97038234;97038235;97294875;101111379;101111381;102219025;100976848;102565427;117716045;117753833;118443377;123281924;124184997;124196217;124196220;126735853;126735860;129720403;134690597;134694723;134129534;134215287	COCONUT:(CNP0243038);database;PubChem:(114880 445456 2802066 3481630 9849225 10994843 10413991 16220143 25021193 24802120 24802121 44119948 46936627 53393702 60087035 56845466 59615220 58112562 58253045 68322761 68338004 68441652 70796428 70813879 70839937 76973994 75487624 90817611 91094859 89796216 95566087 95566088 95566089 95566090 91608950 96327540 98046621 98046622 98046623 97038234 97038235 97294875 101111379 101111381 102219025 100976848 102565427 117716045 117753833 118443377 123281924 124184997 124196217 124196220 126735853 126735860 129720403 134690597 134694723 134129534 134215287);CHEBI:(43769);ZINC bio:(ZINC71788572 ZINC71788573);PubChem class - bio and metabolites;MeSH:(114880);PubChem class - safety and toxic;PubMed;PubChem class - drug	68839022694
2	1	N/A	-79.8792452130489	C24H46O11	[M + H3N + H]+	RTRFMGCFZCTKRT	InChI=1S/C24H46O11/c1-2-3-4-5-6-7-8-9-10-11-12-23(22(32)20(30)18(28)16(13-25)33-23)35-24(15-27)21(31)19(29)17(14-26)34-24/h16-22,25-32H,2-15H2,1H3	null	CCCCCCCCCCCCC1(C(C(C(C(O1)CO)O)O)O)OC2(C(C(C(O2)CO)O)O)CO	2.0999999	129669476	PubChem:(129669476);database	68719476738