structureRankPerFormula	formulaRank	ConfidenceScore	CSI:FingerIDScore	molecularFormula	adduct	InChIkey2D	InChI	name	smiles	xlogp	pubchemids	links	dbflags
1	1	0.3276239939655329	-52.19069246951012	C16H22FNO	[M + H]+	DKMFBWQBDIGMHM	InChI=1S/C16H22FNO/c1-13-8-11-18(12-9-13)10-2-3-16(19)14-4-6-15(17)7-5-14/h4-7,13H,2-3,8-12H2,1H3	melperon	CC1CCN(CC1)CCCC(=O)C2=CC=C(C=C2)F	3.29999995	15387;71749942;131869288	NORMAN:(NS00002747);COCONUT:(CNP0193712);database;PubChem:(15387 71749942 131869288);CHEBI:(93626);ZINC bio:(ZINC00001672);additional;PubChem class - bio and metabolites;MeSH:(15387);PubChem class - safety and toxic;PubMed;PubChem class - drug	68839809126
2	1	N/A	-80.40275663863957	C16H22FNO	[M + H]+	BCJXLSGKMNRRKO	InChI=1S/C16H22FNO/c1-2-3-6-15(18-11-4-5-12-18)16(19)13-7-9-14(17)10-8-13/h7-10,15H,2-6,11-12H2,1H3	null	CCCCC(C(=O)C1=CC=C(C=C1)F)N2CCCC2	4.0999999	129601408;129601409;132989300	PubChem:(129601408 129601409 132989300);NORMAN:(NS00018380);database	68719738882
3	1	N/A	-149.88051092987558	C16H22FNO	[M + H]+	YIDHTOZIUGUEHM	InChI=1S/C16H22FNO/c1-12(2)10-15(18-8-3-4-9-18)16(19)13-6-5-7-14(17)11-13/h5-7,11-12,15H,3-4,8-10H2,1-2H3	null	CC(C)CC(C(=O)c1cccc(F)c1)N1CCCC1	3.9114984831723856	""	""	0
4	1	N/A	-177.7087132101558	C16H22FNO	[M + H]+	LFTWWOQOBQFPAT	InChI=1S/C16H22FNO/c1-3-6-15(18-9-4-5-10-18)16(19)13-7-8-14(17)12(2)11-13/h7-8,11,15H,3-6,9-10H2,1-2H3	null	CCCC(C(=O)c1ccc(F)c(C)c1)N1CCCC1	4.165212232981582	""	""	0