structureRankPerFormula	formulaRank	ConfidenceScore	CSI:FingerIDScore	molecularFormula	adduct	InChIkey2D	InChI	name	smiles	xlogp	pubchemids	links	dbflags
1	1	0.5687157780233811	-99.15852521036689	C17H19N5	[M + H]+	YBBLVLTVTVSKRW	InChI=1S/C17H19N5/c1-16(2,9-18)14-5-13(8-22-12-20-11-21-22)6-15(7-14)17(3,4)10-19/h5-7,11-12H,8H2,1-4H3	Arimidex	CC(C)(C#N)C1=CC(=CC(=C1)CN2C=NC=N2)C(C)(C)C#N	3.036093	2187;45375913;46193957;46193958;46193959;46193960;46193961;46195752;46195890;46195891;46195892;46195893;46195894;46196024;46196025;46196026;46196027;46196028;46196029;44241524;44256127;44256128;44256156;44256157;76973896	HMDB:(15348);ZINC bio:(ZINC00000941);additional;HSDB:(120511-73-1);MeSH:(2187);PubMed;NORMAN:(NS00005588);COCONUT:(CNP0050659);database;PubChem:(2187 45375913 46193957 46193958 46193959 46193960 46193961 46195752 46195890 46195891 46195892 46195893 46195894 46196024 46196025 46196026 46196027 46196028 46196029 44241524 44256127 44256128 44256156 44256157 76973896);CHEBI:(2704);PubChem class - bio and metabolites;KEGG:(C08159);PubChem class - safety and toxic;PubChem class - drug	68839809902
2	1	N/A	-132.35201593660844	C17H19N5	[M + H]+	FTGIBRSOVXQSRU	InChI=1S/C17H19N5/c1-13-4-6-14(7-5-13)11-22-17-15(10-20-22)16(18-12-19-17)21-8-2-3-9-21/h4-7,10,12H,2-3,8-9,11H2,1H3	1-(4-methylbenzyl)-4-(1-pyrrolidinyl)-1H-pyrazolo[3,4-d]pyrimidine	CC1=CC=C(C=C1)CN2C3=C(C=N2)C(=NC=N3)N4CCCC4	3.0999999	895441	database;PubChem:(895441);PubMed;CHEBI:(121114)	68719476834
3	1	N/A	-219.7906303750102	C17H19N5	[M + H]+	FRPJGTNLZNXQEX	InChI=1S/C17H19N5/c1-2-6-15-14(5-1)19-16(20-15)13-21-9-11-22(12-10-21)17-7-3-4-8-18-17/h1-8H,9-13H2,(H,19,20)	2-[(4-pyridin-2-ylpiperazin-1-yl)methyl]-1H-benzimidazole	C1CN(CCN1CC2=NC3=CC=CC=C3N2)C4=CC=CC=N4	2.20000005	5025739;7024175	MeSH:(5025739);database;PubChem:(5025739 7024175);PubMed;CHEBI:(104134)	68719476838
4	1	N/A	-221.12428291478693	C17H19N5	[M + H]+	HUYUPQNBDBTPQQ	InChI=1S/C17H19N5/c1-2-11-22-15(12-19-17(22)6-1)14-4-3-5-16(21-14)20-13-7-9-18-10-8-13/h1-6,11-13,18H,7-10H2,(H,20,21)	IRAK inhibitor 1	C1CNCCC1NC2=CC=CC(=N2)C3=CN=C4N3C=CC=C4	2.79999995	44449078	PubChem:(44449078);PubMed;database	68719476802