structureRankPerFormula	formulaRank	ConfidenceScore	CSI:FingerIDScore	molecularFormula	adduct	InChIkey2D	InChI	name	smiles	xlogp	pubchemids	links	dbflags
1	1	0.9253663289756437	-57.91052272213096	C15H28N2O4	[M + Cl]-	XTEZFKMYWPYZSV	InChI=1S/C15H28N2O4/c1-2-3-4-5-6-7-8-9-10-14(19)17-12(15(20)21)11-13(16)18/h12H,2-11H2,1H3,(H2,16,18)(H,17,19)(H,20,21)	null	CCCCCCCCCCC(=O)NC(CC(N)=O)C(=O)O	2.3215603202958675	""	""	0
2	1	N/A	-91.16723089365479	C15H28N2O4	[M + Cl]-	KYWXBZYPCBPDQH	InChI=1S/C15H28N2O4/c1-11(2)8-6-4-3-5-7-9-14(19)17-12(15(20)21)10-13(16)18/h11-12H,3-10H2,1-2H3,(H2,16,18)(H,17,19)(H,20,21)	Lipoamide A	CC(C)CCCCCCCC(=O)NC(CC(=O)N)C(=O)O	2.29999995	54585095;76153820	COCONUT:(CNP0352001);database;PubChem:(54585095 76153820);PubMed	68721573954
3	1	N/A	-148.06715483914073	C15H28N2O4	[M + Cl]-	LZOJNMQMOSTOHX	InChI=1S/C15H28N2O4/c1-11(2)8-6-4-3-5-7-9-13(18)17-12(15(16)21)10-14(19)20/h11-12H,3-10H2,1-2H3,(H2,16,21)(H,17,18)(H,19,20)	null	CC(C)CCCCCCCC(=O)NC(CC(=O)O)C(N)=O	2.101996295646591	""	""	0
4	1	N/A	-160.71944086927238	C15H28N2O4	[M + Cl]-	MZUBOXLGCNTCGH	InChI=1S/C15H28N2O4/c1-2-3-4-5-6-7-8-9-14(19)17-12(15(20)21)10-11-13(16)18/h12H,2-11H2,1H3,(H2,16,18)(H,17,19)(H,20,21)	N2-Decanoyl-L-glutamine	CCCCCCCCCC(=O)NC(CCC(=O)N)C(=O)O	2.5	18318644;54099853;56828071	PubChem:(18318644 54099853 56828071);database	68719476738
5	1	N/A	-294.26550550952453	C15H28N2O4	[M + Cl]-	LIWIVVWMLYSOFS	InChI=1S/C15H28N2O4/c1-5-20-13(18)10-12(16)11-6-8-17(9-7-11)14(19)21-15(2,3)4/h11-12H,5-10,16H2,1-4H3	Ethyl3-(1-Boc-piperidine-4-yl)-DL-beta-alaninate	CCOC(=O)CC(C1CCN(CC1)C(=O)OC(C)(C)C)N	1.20000005	25417555;25417558;44890953	PubChem:(25417555 25417558 44890953);database;PubChem class - safety and toxic	68786585602