structureRankPerFormula	formulaRank	ConfidenceScore	CSI:FingerIDScore	molecularFormula	adduct	InChIkey2D	InChI	name	smiles	xlogp	pubchemids	links	dbflags
1	1	0.49384580000093425	-29.587124491912537	C20H22N8O6	[M + H]+	HODZDDDNGRLGSI	InChI=1S/C20H22N8O6/c1-28(8-12-18(32)26-16-14(23-12)15(21)25-20(22)27-16)10-4-2-9(3-5-10)17(31)24-11(19(33)34)6-7-13(29)30/h2-5,11H,6-8H2,1H3,(H,24,31)(H,29,30)(H,33,34)(H5,21,22,25,26,27,32)	7-OH-methotrexate	CN(CC1=NC2=C(N=C(N=C2NC1=O)N)N)C3=CC=C(C=C3)C(=O)NC(CCC(=O)O)C(=O)O	-0.800000012	5385077;5484402;11123570;13559381;29981671;49849662;138402681	NORMAN:(NS00014424);HMDB:(61104);database;PubChem:(5385077 5484402 11123570 13559381 29981671 49849662 138402681);ZINC bio:(ZINC08655696);additional;EcoCyc Mine;MeSH:(5484402);PubChem class - safety and toxic;PubMed;KEGG Mine	94557184078