structureRankPerFormula	formulaRank	ConfidenceScore	CSI:FingerIDScore	molecularFormula	adduct	InChIkey2D	InChI	name	smiles	xlogp	pubchemids	links	dbflags
1	1	0.573030049470313	-286.5367369900295	C28H28N4O4	[M - H]-	UTVHCNQHDCRVMF	InChI=1S/C28H28N4O4/c1-6-26(4,5)27-15-28(36)24-29-20-13-9-7-11-18(20)23(35)30(24)16(2)22(34)32(28)25(27)31(17(3)33)21-14-10-8-12-19(21)27/h6-14,16,25,36H,1,15H2,2-5H3	null	CC1C(=O)N2C3C(CC2(C4=NC5=CC=CC=C5C(=O)N14)O)(C6=CC=CC=C6N3C(=O)C)C(C)(C)C=C	3.0	9956979;9982792;71504067;139587116	COCONUT:(CNP0111820);KNApSAcK:(16794);Natural Products:(UNPD83159);database;PubChem:(9956979 9982792 71504067 139587116);SuperNatural:(SN00277628)	68722655250
2	1	N/A	-369.69537536306694	C28H28N4O4	[M - H]-	NZEBQKVTPTVMHB	InChI=1S/C28H28N4O4/c1-6-27(4,5)28-18-12-8-10-14-20(18)31(16(3)33)26(28)32-21(22(28)34)23-29-19-13-9-7-11-17(19)25(36)30(23)15(2)24(32)35/h6-15,21-22,26,34H,1H2,2-5H3	null	CC1C(=O)N2C(C(C3(C2N(C4=CC=CC=C43)C(=O)C)C(C)(C)C=C)O)C5=NC6=CC=CC=C6C(=O)N15	2.79999995	45359360;72194919;76685258	COCONUT:(CNP0131638);database;PubChem:(45359360 72194919 76685258);SuperNatural:(SN00033664 SN00033663 SN00033665 SN00033666);ZINC bio:(ZINC35458948 ZINC35458951 ZINC35458953 ZINC35458956)	68722630658
3	1	N/A	-380.28487733230287	C28H28N4O4	[M - H]-	KYEGRIRKYLGVNS	InChI=1S/C28H28N4O4/c1-34-24-16-19(17-25(35-2)27(24)36-3)23-18-21(20-8-4-5-9-22(20)30-23)28(33)32-14-12-31(13-15-32)26-10-6-7-11-29-26/h4-11,16-18H,12-15H2,1-3H3	2-(4-{[2-(3,4,5-trimethoxyphenyl)quinolin-4-yl]carbonyl}piperazin-1-yl)pyridinium	COC1=CC(=CC(=C1OC)OC)C2=NC3=CC=CC=C3C(=C2)C(=O)N4CCN(CC4)C5=CC=CC=N5	4.0999999	2082716;2999017	database;PubChem:(2082716 2999017);PubMed;CHEBI:(109084)	68719476834
4	1	N/A	-571.0737512918163	C28H28N4O4	[M - H]-	GEVQMCFWDDZLMU	InChI=1S/C28H28N4O4/c1-3-25(20-6-5-7-21(13-20)35-4-2)32-27-23-11-9-22(36-16-18-14-29-17-30-15-18)12-19(23)8-10-24(27)26(31-32)28(33)34/h5-7,9,11-15,17,25H,3-4,8,10,16H2,1-2H3,(H,33,34)	1H-Benz(g)indazole-3-carboxylic acid, 1-(1-(3-ethoxyphenyl)propyl)-4,5	CCC(C1=CC(=CC=C1)OCC)N2C3=C(CCC4=C3C=CC(=C4)OCC5=CN=CN=C5)C(=N2)C(=O)O	4.69999981	9935039;76956385;76956386	MeSH:(9935039);database;PubChem:(9935039 76956385 76956386);PubMed	68719476806