structureRankPerFormula	formulaRank	ConfidenceScore	CSI:FingerIDScore	molecularFormula	adduct	InChIkey2D	InChI	name	smiles	xlogp	pubchemids	links	dbflags
1	1	0.730187089376444	-62.00439805341922	C23H28ClN3O5S	[M + H]+	ZNNLBTZKUZBEKO	InChI=1S/C23H28ClN3O5S/c1-32-21-12-9-17(24)15-20(21)22(28)25-14-13-16-7-10-19(11-8-16)33(30,31)27-23(29)26-18-5-3-2-4-6-18/h7-12,15,18H,2-6,13-14H2,1H3,(H,25,28)(H2,26,27,29)	Betanase	COC1=C(C=C(C=C1)Cl)C(=O)NCCC2=CC=C(C=C2)S(=O)(=O)NC(=O)NC3CCCCC3	4.33629847	3488;10625062;45039355;46196542;51375036;59335382;59335383;59335384;59335385;59335386;59335387;59335388;59335389;59335390;59335391;59335392;59335393;59335394;59335395;59335397;59335398;76973655;89062541;89062542;89062544;89062549;89062550;89062552;89062553;119090961;138396002	HMDB:(15151);SuperNatural:(SN00001611);ZINC bio:(ZINC00537805);additional;MeSH:(3488);PubMed;NORMAN:(NS00001144);COCONUT:(CNP0044235 CNP0317792);database;PubChem:(3488 10625062 45039355 46196542 51375036 59335382 59335383 59335384 59335385 59335386 59335387 59335388 59335389 59335390 59335391 59335392 59335393 59335394 59335395 59335397 59335398 76973655 89062541 89062542 89062544 89062549 89062550 89062552 89062553 119090961 138396002);CHEBI:(5441);PubChem class - bio and metabolites;KEGG:(C07022);PubChem class - safety and toxic;PubChem class - drug	68840857966