structureRankPerFormula	formulaRank	ConfidenceScore	CSI:FingerIDScore	molecularFormula	adduct	InChIkey2D	InChI	name	smiles	xlogp	pubchemids	links	dbflags
1	1	0.6087967041454385	-42.0453507767177	C16H16ClNO2S	[M + H]+	GKTWGGQPFAXNFI	InChI=1S/C16H16ClNO2S/c1-20-16(19)15(12-4-2-3-5-13(12)17)18-8-6-14-11(10-18)7-9-21-14/h2-5,7,9,15H,6,8,10H2,1H3	Isocover	COC(=O)C(C1=CC=CC=C1Cl)N2CCC3=C(C2)C=CS3	3.79999995	2806;60606;667556;10574413;6919055;25141666;25142178;25142179;25142180;25142181;25142182;25142183;25142184;25142314;25142315;25271902;45038699;53394724;58623037;66789784;71719505;71720100;71720754;71763000;71314949;71314951;122230334	HMDB:(5011);SuperNatural:(SN00216483 SN00030751);ZINC bio:(ZINC00003865 ZINC34781704);additional;HSDB:(113665-84-2);MeSH:(2806 60606);PubMed;NORMAN:(NS00008954);COCONUT:(CNP0327223);database;PubChem:(2806 60606 667556 10574413 6919055 25141666 25142178 25142179 25142180 25142181 25142182 25142183 25142184 25142314 25142315 25271902 45038699 53394724 58623037 66789784 71719505 71720100 71720754 71763000 71314949 71314951 122230334);CHEBI:(37941 103977);PubChem class - bio and metabolites;PubChem class - safety and toxic;PubChem class - drug	68840858222
2	1	N/A	-362.3942203448397	C16H16ClNO2S	[M + H]+	TXHXIMGYVPSYFT	InChI=1S/C16H16ClNO2S/c17-14-4-2-1-3-11(14)9-21-10-13-7-8-15(20-13)16(19)18-12-5-6-12/h1-4,7-8,12H,5-6,9-10H2,(H,18,19)	5-[(2-chlorophenyl)methylsulfanylmethyl]-N-cyclopropylfuran-2-carboxamide	C1CC1NC(=O)C2=CC=C(O2)CSCC3=CC=CC=C3Cl	3.79999995	4651694	database;Training Set;PubChem:(4651694);PubMed;additional	68720017474