structureRankPerFormula	formulaRank	ConfidenceScore	CSI:FingerIDScore	molecularFormula	adduct	InChIkey2D	InChI	name	smiles	xlogp	pubchemids	links	dbflags
1	1	0.42095268639376504	-52.134958633372136	C33H33FN2O4	[M + CH2O2 - H]-	OUCSEDFVYPBLLF	InChI=1S/C33H33FN2O4/c1-21(2)31-30(33(39)35-25-11-7-4-8-12-25)29(22-9-5-3-6-10-22)32(23-13-15-24(34)16-14-23)36(31)18-17-27-19-26(37)20-28(38)40-27/h3-16,21,26-27,37H,17-20H2,1-2H3,(H,35,39)	Atorvastatin lactone	CC(C)C1=C(C(=C(N1CCC2CC(CC(=O)O2)O)C3=CC=C(C=C3)F)C4=CC=CC=C4)C(=O)NC5=CC=CC=C5	5.69999981	6483036;10626316;10721273;10816316;11191953;13923664;13923665;11376140;45038178;45356851;49849495;49849496;57759155;59346949;58280596	PubChem:(6483036 10626316 10721273 10816316 11191953 13923664 13923665 11376140 45038178 45356851 49849495 49849496 57759155 59346949 58280596);PubMed;database	68719476802