structureRankPerFormula	formulaRank	ConfidenceScore	CSI:FingerIDScore	molecularFormula	adduct	InChIkey2D	InChI	name	smiles	xlogp	pubchemids	links	dbflags
1	1	0.6576157794551835	-394.93291855555316	C33H44N4O10	[M + H]+	MJNIWUJSIGSWKK	InChI=1S/C33H44N4O10/c1-7-11-25(38)44-18-24(46-27(40)13-9-3)30(47-28(41)14-10-4)23(45-26(39)12-8-2)17-37-22-16-20(6)19(5)15-21(22)34-29-31(37)35-33(43)36-32(29)42/h15-16,23-24,30H,7-14,17-18H2,1-6H3,(H,36,42,43)	Hibon (TN)	CCCC(=O)OCC(C(C(CN1C2=C(C=C(C(=C2)C)C)N=C3C1=NC(=O)NC3=O)OC(=O)CCC)OC(=O)CCC)OC(=O)CCC	5.06794643	5065;92140;12834784;18640873;24820412;92402789;124708041;124903405	NORMAN:(NS00022758);COCONUT:(CNP0307739);HMDB:(34433);Natural Products:(UNPD65213);database;PubChem:(5065 92140 12834784 18640873 24820412 92402789 124708041 124903405);CHEBI:(32097);PubChem class - bio and metabolites;MeSH:(5065 92140 18640873);PubChem class - safety and toxic;PubMed	68805754990
2	1	N/A	-778.165580690702	C33H44N4O10	[M + H]+	AUAUQABOROTJFK	InChI=1S/C33H44N4O10/c1-3-9-28(41)37-23(12-4-5-17-34)32(42)46-26-20-22(11-7-18-35-27(40)14-8-19-36-44-2)45-33(43)29-21(10-6-13-24(29)38)15-16-25(39)30-31(26)47-30/h6-8,10,13-16,18-19,22-23,25-26,30-31,38-39H,3-5,9,11-12,17,20,34H2,1-2H3,(H,35,40)(H,37,41)	null	CCCC(=O)N[C@@H](CCCCN)C(=O)O[C@@H]1C[C@H](CC=CNC(=O)C=CC=NOC)OC(=O)c2c(O)cccc2C=C[C@H](O)[C@@H]2O[C@@H]21	2.331338148245154	""	""	0