structureRankPerFormula	formulaRank	ConfidenceScore	CSI:FingerIDScore	molecularFormula	adduct	InChIkey2D	InChI	name	smiles	xlogp	pubchemids	links	dbflags
1	1	0.35737146314505125	-211.9569820591114	C29H33ClN2O2	[M + H]+	RDOIQAHITMMDAJ	InChI=1S/C29H33ClN2O2/c1-31(2)27(33)29(24-9-5-3-6-10-24,25-11-7-4-8-12-25)19-22-32-20-17-28(34,18-21-32)23-13-15-26(30)16-14-23/h3-16,34H,17-22H2,1-2H3	Lopedium	CN(C)C(=O)C(CCN1CCC(CC1)(C2=CC=C(C=C2)Cl)O)(C3=CC=CC=C3)C4=CC=CC=C4	5.0	3954;3955;9912841;45039664;46209422;46240412;46240413;46240414;46240415;46240508;46240509;46241148;46241149;46241245;46241246;46241247;46241343;46241344;46241345;46241346;46241435;46241436;46241437;46241541;46241542;46241543;46241544;46241648;46241649;46241650;46241651;46241756;46241757;46241758;46241759;46241869;46241870;46241871;46241872;46241977;46241978;46241979;138396149	HMDB:(4999);SuperNatural:(SN00001616);ZINC bio:(ZINC00537928);additional;HSDB:(53179-11-6);MeSH:(3955);PubMed;NORMAN:(NS00002516);COCONUT:(CNP0054324 CNP0342959);database;PubChem:(3954 3955 9912841 45039664 46209422 46240412 46240413 46240414 46240415 46240508 46240509 46241148 46241149 46241245 46241246 46241247 46241343 46241344 46241345 46241346 46241435 46241436 46241437 46241541 46241542 46241543 46241544 46241648 46241649 46241650 46241651 46241756 46241757 46241758 46241759 46241869 46241870 46241871 46241872 46241977 46241978 46241979 138396149);CHEBI:(86969 6532);PubChem class - bio and metabolites;KEGG:(C07080);PubChem class - safety and toxic;PubChem class - drug	68840858478