structureRankPerFormula	formulaRank	ConfidenceScore	CSI:FingerIDScore	molecularFormula	adduct	InChIkey2D	InChI	name	smiles	xlogp	pubchemids	links	dbflags
1	1	0.5124504802142115	-97.42283720902483	C19H19ClN2	[M + H]+	JAUOIFJMECXRGI	InChI=1S/C19H19ClN2/c20-16-5-6-17-15(12-16)4-3-14-2-1-9-22-19(14)18(17)13-7-10-21-11-8-13/h1-2,5-6,9,12,21H,3-4,7-8,10-11H2	Allex-d7	C1CC2=C(C=CC(=C2)Cl)C(=C3CCNCC3)C4=C1C=CC=N4	4.58124208	124087;25207795;25235292;25235293;25235294;25271782;45038870;45359009;71315695;131708526;131871086	HMDB:(15102);ZINC bio:(ZINC00001261);additional;MeSH:(124087);PubMed;NORMAN:(NS00008826);COCONUT:(CNP0021729);database;PubChem:(124087 25207795 25235292 25235293 25235294 25271782 45038870 45359009 71315695 131708526 131871086);CHEBI:(291342);PubChem class - bio and metabolites;PubChem class - safety and toxic;PubChem class - drug	68839809134
2	1	N/A	-243.34491017781423	C19H19ClN2	[M + H]+	KGRYJYZBJQLPFW	InChI=1S/C19H19ClN2/c1-22(2)11-5-8-17-16-7-4-3-6-14(16)13-21-19-10-9-15(20)12-18(17)19/h3-4,6-10,12-13H,5,11H2,1-2H3	2-Chloro-11-(3-dimethylaminopropylidene)morphanthridine	CN(C)CCC=C1C2=CC=CC=C2C=NC3=C1C=C(C=C3)Cl	4.69504547	170154;5834968;6441602	MeSH:(5834968 6441602);database;PubChem:(170154 5834968 6441602);PubMed	68719476806