structureRankPerFormula	formulaRank	ConfidenceScore	CSI:FingerIDScore	molecularFormula	adduct	InChIkey2D	InChI	name	smiles	xlogp	pubchemids	links	dbflags
1	1	0.4653773165347644	-87.2564025258932	C23H32N6O5S	[M + H]+	KZFHUILKKFVOMB	InChI=1S/C23H32N6O5S/c1-4-6-20-24-16(3)21-23(31)25-22(26-29(20)21)18-15-17(7-8-19(18)34-5-2)35(32,33)28-11-9-27(10-12-28)13-14-30/h7-8,15,30H,4-6,9-14H2,1-3H3,(H,25,26,31)	Hydroxy Vardenafil	CCCC1=NC(=C2N1N=C(NC2=O)C3=C(C=CC(=C3)S(=O)(=O)N4CCN(CC4)CCO)OCC)C	1.39999998	136099631;136242398;135487732	NORMAN:(NS00014963);database;PubChem:(136099631 136242398 135487732);PubMed	68719738946
2	1	N/A	-95.51049461946953	C23H32N6O5S	[M + H]+	NEYKRKVLEWKOBI	InChI=1S/C23H32N6O5S/c1-4-6-18-20-21(27(3)26-18)23(31)25-22(24-20)17-15-16(7-8-19(17)34-5-2)35(32,33)29-11-9-28(10-12-29)13-14-30/h7-8,15,30H,4-6,9-14H2,1-3H3,(H,24,25,31)	hydroxyhomosildenafil	CCCC1=NN(C2=C1N=C(NC2=O)C3=C(C=CC(=C3)S(=O)(=O)N4CCN(CC4)CCO)OCC)C	0.800000012	135452901	NORMAN:(NS00006256);MeSH:(135452901);database;PubChem:(135452901);PubMed	68719738950
3	1	N/A	-125.31431595375909	C23H32N6O5S	[M + H]+	GXUGEZIHENHAGP	InChI=1S/C23H32N6O5S/c1-5-8-20-24-16(4)21-23(30)25-22(26-28(20)21)18-15-17(9-10-19(18)34-7-3)35(32,33)27-11-13-29(31,6-2)14-12-27/h9-10,15H,5-8,11-14H2,1-4H3,(H,25,26,30)	null	CCCC1=NC(=C2N1N=C(NC2=O)C3=C(C=CC(=C3)S(=O)(=O)N4CC[N+](CC4)(CC)[O-])OCC)C	1.89999998	135442881;135448285	NORMAN:(NS00015872);database;PubChem class - safety and toxic;PubChem:(135442881 135448285)	68786847746