structureRankPerFormula	formulaRank	ConfidenceScore	CSI:FingerIDScore	molecularFormula	adduct	InChIkey2D	InChI	name	smiles	xlogp	pubchemids	links	dbflags
1	1	0.31574858201872463	-17.69599689546153	C31H23BrO3	[M + H]+	VEUZZDOCACZPRY	InChI=1S/C31H23BrO3/c32-24-15-13-20(14-16-24)19-9-11-21(12-10-19)23-17-22-5-1-2-6-25(22)27(18-23)29-30(33)26-7-3-4-8-28(26)35-31(29)34/h1-16,23,27,33H,17-18H2	Brodimat	C1C(CC2=CC=CC=C2C1C3=C(C4=CC=CC=C4OC3=O)O)C5=CC=C(C=C5)C6=CC=C(C=C6)Br	7.5999999	54676115;54680676;54716798;76962527;76962528	ZINC bio:(ZINC02575146 ZINC28818590 ZINC28818593 ZINC28818595);additional;HSDB:(56073-10-0);MeSH:(54680676);PubMed;NORMAN:(NS00007911 NS00015497);database;PubChem:(54676115 54680676 54716798 76962527 76962528);CHEBI:(81892);PubChem class - bio and metabolites;KEGG:(C18694);PubChem class - safety and toxic;Training Set;PubChem class - drug	68837729126
2	1	N/A	-127.52371872212565	C31H23BrO3	[M + H]+	LNDUTAIPEYOCDF	InChI=1S/C31H23BrO3/c32-24-15-13-20(14-16-24)19-9-11-21(12-10-19)23-17-22-5-1-2-6-25(22)27(18-23)29-30(33)26-7-3-4-8-28(26)35-31(29)34/h1-16,23,27,34H,17-18H2	null	O=c1c(C2CC(c3ccc(-c4ccc(Br)cc4)cc3)Cc3ccccc32)c(O)oc2ccccc12	8.203004257147272	""	""	0