structureRankPerFormula	formulaRank	ConfidenceScore	CSI:FingerIDScore	molecularFormula	adduct	InChIkey2D	InChI	name	smiles	xlogp	pubchemids	links	dbflags
1	1	0.42621412513565293	-67.22815766271412	C45H49NO13	[M + H]+	TYLVGQKNNUHXIP	InChI=1S/C45H49NO13/c1-24-29(57-41(54)35(50)33(26-15-9-6-10-16-26)46-39(52)27-17-11-7-12-18-27)22-45(55)38(58-40(53)28-19-13-8-14-20-28)36-43(5,37(51)34(49)32(24)42(45,3)4)30(48)21-31-44(36,23-56-31)59-25(2)47/h6-20,29-31,33-36,38,48-50,55H,21-23H2,1-5H3,(H,46,52)	Ormosin VI	CC1=C2C(C(=O)C3(C(CC4C(C3C(C(C2(C)C)(CC1OC(=O)C(C(C5=CC=CC=C5)NC(=O)C6=CC=CC=C6)O)O)OC(=O)C7=CC=CC=C7)(CO4)OC(=O)C)O)C)O	3.52515292	155831;3307115;5316382;6325031;6712095;9832326;10079106;10079107;9987966;14355298;14355299;11970038;23307826;25199939;24791029;42613041;44634758;44310403;44310835;44332402;46781114;59112255;57946363;57946366;66509060;71315575;75355030;71449052;101111345;101598413;101598416;101598417;124516875;124518168;122172895;122173219;124937981;124937982;124937983;124937984;126968473;129317597;131699286;131704858;133688024;138107542;137705320;137795566;139473625;139473640	COCONUT:(CNP0349770);KNApSAcK:(38119);database;PubChem:(155831 3307115 5316382 6325031 6712095 9832326 10079106 10079107 9987966 14355298 14355299 11970038 23307826 25199939 24791029 42613041 44634758 44310403 44310835 44332402 46781114 59112255 57946363 57946366 66509060 71315575 75355030 71449052 101111345 101598413 101598416 101598417 124516875 124518168 122172895 122173219 124937981 124937982 124937983 124937984 126968473 129317597 131699286 131704858 133688024 138107542 137705320 137795566 139473625 139473640);SuperNatural:(SN00165310);additional;MeSH:(155831 3307115 9987966 10079106 44634758 66509060 122173219 126968473 129317597 131699286 137795566);PubChem class - safety and toxic;Training Set;PubMed;KEGG Mine	77380206678
2	1	N/A	-133.61335927773757	C45H49NO13	[M + H]+	KJNCJEFOGQPOHS	InChI=1S/C45H49NO13/c1-24-29(57-41(54)35(50)33(26-15-9-6-10-16-26)46-39(52)27-17-11-7-12-18-27)22-45(55)38(58-40(53)28-19-13-8-14-20-28)36-43(5,37(51)34(49)32(24)42(45,3)4)30(48)21-31-44(36,23-56-31)59-25(2)47/h6-20,24,29-33,35-36,38,48,50,55H,21-23H2,1-5H3,(H,46,52)	null	CC1C(CC2(C(C3C(C(CC4C3(CO4)OC(=O)C)O)(C(=O)C(=O)C1C2(C)C)C)OC(=O)C5=CC=CC=C5)O)OC(=O)C(C(C6=CC=CC=C6)NC(=O)C7=CC=CC=C7)O	3.70000005	90739191;90741691;90826999;90867134;90907276	PubChem:(90739191 90741691 90826999 90867134 90907276);database	68719476738