structureRankPerFormula	formulaRank	ConfidenceScore	CSI:FingerIDScore	molecularFormula	adduct	InChIkey2D	InChI	name	smiles	xlogp	pubchemids	links	dbflags
1	1	0.4881935527901527	-7.310597644612596	C9H15NO3S	[M - H]-	FAKRSMQSSFJEIM	InChI=1S/C9H15NO3S/c1-6(5-14)8(11)10-4-2-3-7(10)9(12)13/h6-7,14H,2-5H2,1H3,(H,12,13)	Acepress	CC(CS)C(=O)N1CCCC1C(=O)O	0.608360171	2550;44093;688267;446549;447055;448982;6921658;12877547;12877548;11859209;45038540;44373690;71314500;76973682;122164778;138402720	HMDB:(15328);SuperNatural:(SN00000456);ZINC bio:(ZINC00057000 ZINC00057001 ZINC00057002);additional;HSDB:(62571-86-2);MeSH:(44093 688267 12877547);PubMed;NORMAN:(NS00008201);COCONUT:(CNP0034034 CNP0284405);database;PubChem:(2550 44093 688267 446549 447055 448982 6921658 12877547 12877548 11859209 45038540 44373690 71314500 76973682 122164778 138402720);CHEBI:(3380);PubChem class - bio and metabolites;KEGG:(C06867);PubChem class - safety and toxic;Training Set;PubChem class - drug;Biocyc:(CPD0-2067)	68840876910
2	1	N/A	-303.78067465616056	C9H15NO3S	[M - H]-	UPGUXFGMJUKUDG	InChI=1S/C9H15NO3S/c1-3-7(4-11)9(13)8(5-14)10-6(2)12/h3,8,11,14H,4-5H2,1-2H3,(H,10,12)	null	CC=C(CO)C(=O)C(CS)NC(=O)C	-0.400000006	91057328	PubChem:(91057328);PubMed;database	68719476802
3	1	N/A	-330.5146091278753	C9H15NO3S	[M - H]-	CSOJYIADHHNGRM	InChI=1S/C9H15NO3S/c11-7-6-14-8(10-7)4-2-1-3-5-9(12)13/h8H,1-6H2,(H,10,11)(H,12,13)	Acidomycin	C1C(=O)NC(S1)CCCCCC(=O)O	1.29999995	94170;25201704;90478520;90478521	NORMAN:(NS00011820);COCONUT:(CNP0349248);Natural Products:(UNPD63023 UNPD68363);database;PubChem:(94170 25201704 90478520 90478521);SuperNatural:(SN00247054 SN00263053);ZINC bio:(ZINC01646622 ZINC02048658);MeSH:(94170);PubChem class - safety and toxic;Plantcyc:(CPD-5683);PubMed;Biocyc:(CPD-5683)	68790167622
4	1	N/A	-376.34518694876147	C9H15NO3S	[M - H]-	QEIKJZZSMZXSAI	InChI=1S/C9H15NO3S/c1-8(2)6(7(12)13)10(5-11)9(3,4)14-8/h5-6H,1-4H3,(H,12,13)	4-Thiazolidinecarboxylic acid,2,5,5-tetramethyl-	CC1(C(N(C(S1)(C)C)C=O)C(=O)O)C	1.10000002	96612;2777928;6950907;14164394;19777315	NORMAN:(NS00058103);database;PubChem class - safety and toxic;PubChem:(96612 2777928 6950907 14164394 19777315);PubMed	68786847810