,Title,MolecularFormula,CanonicalSMILES,InChIKey,Database IDs,Formula Score,Structure Score,Consensus Score
0,promethazine,C17H20N2S,CC(CN1c2ccccc2Sc2ccccc21)N(C)C,PWWVAXIEGOYWEE-UHFFFAOYSA-N,CHEBI:8461;;BloodExp:CID4927;;BloodExp:CID688096;;DB01069;;HMDB0015202;;C07404;;PMHub:MS000002410;;DTXSID7023518;;T3D4560,0.9999999999997999,0.9999999993440457,0.9999999995407719
1,N-Desmethyltrimeprazine,C17H20N2S,CNCC(C)CN1c2ccccc2Sc2ccccc21,NCLWFOLZGWILNT-UHFFFAOYSA-N,BloodExp:CID64231231;;HMDB0251054;;PMHub:MS000056076,0.9999999999997999,0.8593045797393092,0.9015132058174564
2,promazine,C17H20N2S,CN(C)CCCN1c2ccccc2Sc2ccccc21,ZGUGWUXLJSTTMA-UHFFFAOYSA-N,CHEBI:8459;;BloodExp:CID4926;;DB00420;;HMDB0014564;;C07379;;PMHub:MS000004524;;DTXSID2023517;;T3D2565,0.9999999999997999,0.8384740246017012,0.8869318172211308
3,Isopromethazine,C17H20N2S,CC(CN(C)C)N1c2ccccc2Sc2ccccc21,CGNHCKZJGQDWBG-UHFFFAOYSA-N,BloodExp:CID110669,0.9999999999997999,0.7765465082868528,0.8435825558007369
4,"N,N'-Dimethyl-N,N'-dibenzylthioharnstoff",C17H20N2S,CN(Cc1ccccc1)C(=S)N(C)Cc1ccccc1,NTBWJYADASHSIE-UHFFFAOYSA-N,PMHub:MS000117113,0.9999999999997999,0.5338491097984945,0.6736943768588861
5,Anti-inflammatory agent 15,C17H20N2S,CC(C)c1ccc(NC(=S)NCc2ccccc2)cc1,XLHNUFJSOUSSBA-UHFFFAOYSA-N,BloodExp:CID3601949,0.9999999999997999,0.5235718305416048,0.6665002813790634
6,Oprea1_007111,C17H20N2S,Cc1ccc(C)c(N=C(S)Nc2c(C)cccc2C)c1,ITIROEBUQUCNFY-UHFFFAOYSA-N,PMHub:MS000005953,0.9999999999997999,0.44326342055615464,0.6102843943892482
