structureRankPerFormula	formulaRank	ConfidenceScore	CSI:FingerIDScore	molecularFormula	adduct	InChIkey2D	InChI	name	smiles	xlogp	pubchemids	links	dbflags
1	1	0.10832652624131106	-148.60262436697434	C18H19NOS	[M + H]+	ZEUITGRIYCTCEM	InChI=1S/C18H19NOS/c1-19-12-11-17(18-10-5-13-21-18)20-16-9-4-7-14-6-2-3-8-15(14)16/h2-10,13,17,19H,11-12H2,1H3	Ariclaim	CNCCC(C1=CC=CS1)OC2=CC=CC3=CC=CC=C32	4.30000019	60835;122252;10086118;10334821;10424838;11990810;24848260;36688202;45039120;45358978;46781438;57383549;58918057;58918059;58297772;58297773;58297774;58297777;58297779;58297784;58297790;58297796;58297800;58297803;58297804;58297809;58297810;58297812;58297826;58297835;58297847;58297854;58297863;58297868;58297872;58297874;58297875;58297877;58297879;58297881;58297882;58297885;58297888;58297891;58297896;58297901;58297903;58297907;58297911;76973082;87814964;87815082;87815084;87816102;87816103;87834257;87834331;87836680;119057536;138402755	HMDB:(14619);SuperNatural:(SN00002261);ZINC bio:(ZINC01536779);additional;HSDB:(116539-59-4);MeSH:(60835);PubMed;NORMAN:(NS00008615);COCONUT:(CNP0021787 CNP0026676);database;PubChem:(60835 122252 10086118 10334821 10424838 11990810 24848260 36688202 45039120 45358978 46781438 57383549 58918057 58918059 58297772 58297773 58297774 58297777 58297779 58297784 58297790 58297796 58297800 58297803 58297804 58297809 58297810 58297812 58297826 58297835 58297847 58297854 58297863 58297868 58297872 58297874 58297875 58297877 58297879 58297881 58297882 58297885 58297888 58297891 58297896 58297901 58297903 58297907 58297911 76973082 87814964 87815082 87815084 87816102 87816103 87834257 87834331 87836680 119057536 138402755);CHEBI:(36797 36796 36795);PubChem class - bio and metabolites;PubChem class - safety and toxic;PubChem class - drug	68840858222