structureRankPerFormula	formulaRank	ConfidenceScore	CSI:FingerIDScore	molecularFormula	adduct	InChIkey2D	InChI	name	smiles	xlogp	pubchemids	links	dbflags
1	1	N/A	-616.796290372395	C18H34ClN2O8PS	[M - H]-	UFUVLHLTWXBHGZ	InChI=1S/C18H34ClN2O8PS/c1-5-6-10-7-11(21(3)8-10)17(24)20-12(9(2)19)15-13(22)14(23)16(18(28-15)31-4)29-30(25,26)27/h9-16,18,22-23H,5-8H2,1-4H3,(H,20,24)(H2,25,26,27)	Clindets	CCCC1CC(N(C1)C)C(=O)NC(C2C(C(C(C(O2)SC)OP(=O)(O)O)O)O)C(C)Cl	0.525321305	32603;358642;443385;13533314;10346039;16760056;17757271;16219148;22836620;27281321;27281323;27281325;27281327;45356833;44629926;51064166;53371520;53384926;59237534;71300360;71314904;93971437;95566355;92843933;92854526;98173788;98173789;118409745;124527387;122203417;124762345;124762346;124762347;129009941;131705085;134693952;137322610;138106573;137795731	NORMAN:(NS00008079);COCONUT:(CNP0155236);database;PubChem:(32603 358642 443385 13533314 10346039 16760056 17757271 16219148 22836620 27281321 27281323 27281325 27281327 45356833 44629926 51064166 53371520 53384926 59237534 71300360 71314904 93971437 95566355 92843933 92854526 98173788 98173789 118409745 124527387 122203417 124762345 124762346 124762347 129009941 131705085 134693952 137322610 138106573 137795731);CHEBI:(3746);ZINC bio:(ZINC04102185 ZINC25756763 ZINC30690459);PubChem class - bio and metabolites;MeSH:(32603 358642 443385 10346039 27281321 44629926 45356833 51064166 134693952 137795731);KEGG:(C11728);PubChem class - safety and toxic;PubMed;PubChem class - drug	68839285094