structureRankPerFormula	formulaRank	ConfidenceScore	CSI:FingerIDScore	molecularFormula	adduct	InChIkey2D	InChI	name	smiles	xlogp	pubchemids	links	dbflags
1	1	0.28040944081319114	-201.80146036263235	C29H53NO5	[M + H]+	AHLBNYSZXLDEJQ	InChI=1S/C29H53NO5/c1-5-7-9-11-12-13-14-15-16-18-24(34-29(33)26(30-22-31)20-23(3)4)21-27-25(28(32)35-27)19-17-10-8-6-2/h22-27H,5-21H2,1-4H3,(H,30,31)	orlistat	CCCCCCCCCCCC(CC1C(C(=O)O1)CCCCCC)OC(=O)C(CC(C)C)NC=O	10.0	4599;3034010;5284600;6710691;9891992;11092253;11145466;13817936;13817937;13817938;11317937;11443335;16760542;24728650;45040160;46782633;46783542;44398696;53347934;57369369;60085832;58648986;59434861;59434865;59434866;59872507;59959477;86278431;87502749;88692978;88871477;89328213;92535994;91356203;91402141;117621866;129627133;133121262;131706007;131708883;132232440;138402761	HMDB:(15215);SuperNatural:(SN00241204);ZINC bio:(ZINC08214635);additional;HSDB:(96829-58-2);MeSH:(3034010);PubMed;NORMAN:(NS00004788);COCONUT:(CNP0236388);Natural Products:(UNPD50598);database;PubChem:(4599 3034010 5284600 6710691 9891992 11092253 11145466 13817936 13817937 13817938 11317937 11443335 16760542 24728650 45040160 46782633 46783542 44398696 53347934 57369369 60085832 58648986 59434861 59434865 59434866 59872507 59959477 86278431 87502749 88692978 88871477 89328213 92535994 91356203 91402141 117621866 129627133 133121262 131706007 131708883 132232440 138402761);CHEBI:(94686);PubChem class - bio and metabolites;PubChem class - safety and toxic;PubChem class - drug;Biocyc:(CPD-19866)	68840893038
2	1	N/A	-403.20249732817945	C29H53NO5	[M + H]+	XVOIRLXISFPBDQ	InChI=1S/C29H53NO5/c1-2-3-4-5-6-7-8-9-10-11-12-13-14-15-16-17-18-19-20-21-24-27(31)30-26(29(34)35)23-22-25-28(32)33/h9-10,26H,2-8,11-25H2,1H3,(H,30,31)(H,32,33)(H,34,35)	null	CCCCCCCCC=CCCCCCCCCCCCCC(=O)NC(CCCC(=O)O)C(=O)O	8.692323684442474	""	""	0
3	1	N/A	-415.9137973938016	C29H53NO5	[M + H]+	XZIVABANOODAQU	InChI=1S/C29H53NO5/c1-2-3-4-5-6-7-8-9-10-11-12-13-14-15-16-17-18-19-20-21-22-23-27(31)30-26(29(34)35)24-25-28(32)33/h9-10,26H,2-8,11-25H2,1H3,(H,30,31)(H,32,33)(H,34,35)	null	CCCCCCCCC=CCCCCCCCCCCCCCC(=O)NC(CCC(=O)O)C(=O)O	8.692323684442474	""	""	0
4	1	N/A	-564.6681726960891	C29H53NO5	[M + H]+	CBUQBBHYLMSDAB	InChI=1S/C29H53NO5/c1-5-6-7-8-9-10-11-12-13-14-15-16-17-18-19-20-21-22-26(31)23-29(34)35-27(24-28(32)33)25-30(2,3)4/h9-10,12-13,26-27,31H,5-8,11,14-25H2,1-4H3	null	CCCCCC=CCC=CCCCCCCCCCC(O)CC(=O)OC(CC(=O)[O-])C[N+](C)(C)C	6.594145198090339	""	""	0