structureRankPerFormula	formulaRank	ConfidenceScore	CSI:FingerIDScore	molecularFormula	adduct	InChIkey2D	InChI	name	smiles	xlogp	pubchemids	links	dbflags
1	1	N/A	-126.0583672888318	C50H57NO17	[M + H]+	ORKLEZFXASNLFJ	InChI=1S/C50H57NO17/c1-25-31(65-45(61)38(56)35(27-15-9-6-10-16-27)51-43(59)28-17-11-7-12-18-28)22-50(62)42(67-44(60)29-19-13-8-14-20-29)40-48(5,41(58)37(55)34(25)47(50,3)4)32(21-33-49(40,24-64-33)68-26(2)52)66-46-39(57)36(54)30(53)23-63-46/h6-20,30-33,35-40,42,46,53-57,62H,21-24H2,1-5H3,(H,51,59)	10-Deacetyl-7-xylosyltaxol	CC1=C2C(C(=O)C3(C(CC4C(C3C(C(C2(C)C)(CC1OC(=O)C(C(C5=CC=CC=C5)NC(=O)C6=CC=CC=C6)O)O)OC(=O)C7=CC=CC=C7)(CO4)OC(=O)C)OC8C(C(C(CO8)O)O)O)C)O	2.22993422	5315358;9811678;9963021;11629387;11073056;11094224;15222309;25027996;24791040;46783796;49831201;53395275;53488187;71315214;101384350;125039659;125039660;125039661;125039662;122130139;122173019;122411244;122411245;129606958;131706964;132285302;138113742	COCONUT:(CNP0097418);KNApSAcK:(40759);database;PubChem:(5315358 9811678 9963021 11629387 11073056 11094224 15222309 25027996 24791040 46783796 49831201 53395275 53488187 71315214 101384350 125039659 125039660 125039661 125039662 122130139 122173019 122411244 122411245 129606958 131706964 132285302 138113742);additional;MeSH:(9811678 24791040 46783796 53395275 122130139 138113742);Training Set;PubMed	68722114646
2	1	N/A	-182.67159781356833	C50H57NO17	[M + H]+	QZFPLCRYJQKPRY	InChI=1S/C50H57NO17/c1-25-31(65-45(61)38(56)35(27-15-9-6-10-16-27)51-43(59)28-17-11-7-12-18-28)22-50(62)42(67-44(60)29-19-13-8-14-20-29)40-48(5,41(58)37(55)34(25)47(50,3)4)32(21-33-49(40,24-64-33)68-26(2)52)66-46-39(57)36(54)30(53)23-63-46/h6-20,25,30-36,38-40,42,46,53-54,56-57,62H,21-24H2,1-5H3,(H,51,59)	null	CC1C(CC2(C(C3C(C(CC4C3(CO4)OC(=O)C)OC5C(C(C(CO5)O)O)O)(C(=O)C(=O)C1C2(C)C)C)OC(=O)C6=CC=CC=C6)O)OC(=O)C(C(C7=CC=CC=C7)NC(=O)C8=CC=CC=C8)O	2.0999999	91380296;123948585	PubChem:(91380296 123948585);database	68719476738