structureRankPerFormula	formulaRank	ConfidenceScore	CSI:FingerIDScore	molecularFormula	adduct	InChIkey2D	InChI	name	smiles	xlogp	pubchemids	links	dbflags
1	1	0.32239166257313073	-50.736866359354586	C8H15N3O7	[M + H]+	ZSJLQEPLLKMAKR	InChI=1S/C8H15N3O7/c1-11(10-17)8(16)9-4-6(14)5(13)3(2-12)18-7(4)15/h3-7,12-15H,2H2,1H3,(H,9,16)	Zanosar	CN(C(=O)NC1C(C(C(OC1O)CO)O)O)N=O	-2.23181748	5300;29327;2733335;7067772;6420074;6604357;6713972;16757738;23305077;29921862;45357367;44120116;57110421;59083440;59892936;73265386;88581983;89615174;94001684;101607355;101607357;118570049;118570096;124635742;124918488;124303415;124303416;124303689;124352395;124396995;126479960;126488988;134695375;139032031;138403271	HMDB:(14572);SuperNatural:(SN00304632 SN00006150);ZINC bio:(ZINC03831470 ZINC03831472 ZINC03977737);additional;MeSH:(5300 29327 2733335 6420074 6713972 7067772 45357367);PubMed;NORMAN:(NS00011535);COCONUT:(CNP0235220);Natural Products:(UNPD155085);database;PubChem:(5300 29327 2733335 7067772 6420074 6604357 6713972 16757738 23305077 29921862 45357367 44120116 57110421 59083440 59892936 73265386 88581983 89615174 94001684 101607355 101607357 118570049 118570096 124635742 124918488 124303415 124303416 124303689 124352395 124396995 126479960 126488988 134695375 139032031 138403271);CHEBI:(9288);PubChem class - bio and metabolites;KEGG:(C07313);PubChem class - safety and toxic;Training Set;PubChem class - drug	68840907118
2	1	N/A	-104.04692960399863	C8H15N3O7	[M + H]+	AGRCPNMCOXLKFO	InChI=1S/C8H15N3O7/c1-11(10-18)8(17)9-4(2-12)6(15)7(16)5(14)3-13/h2,4-7,13-16H,3H2,1H3,(H,9,17)	Streptozotocine	CN(C(=O)NC(C=O)C(C(C(CO)O)O)O)N=O	-3.20000005	5299;169966;6713162;23615975;26987826;26987827;26987828;26987829;51397630;51397631;124744631;124744632	COCONUT:(CNP0172289);database;PubChem:(5299 169966 6713162 23615975 26987826 26987827 26987828 26987829 51397630 51397631 124744631 124744632);HSDB:(18883-66-4);MeSH:(23615975);PubChem class - safety and toxic;PubMed;KEGG Mine	77378617926