structureRankPerFormula	formulaRank	ConfidenceScore	CSI:FingerIDScore	molecularFormula	adduct	InChIkey2D	InChI	name	smiles	xlogp	pubchemids	links	dbflags
1	1	0.4205163808055831	-95.88491529471877	C20H21ClO4	[M + H]+	YMTINGFKWWXKFG	InChI=1S/C20H21ClO4/c1-13(2)24-19(23)20(3,4)25-17-11-7-15(8-12-17)18(22)14-5-9-16(21)10-6-14/h5-13H,1-4H3	Fenobeta	CC(C)OC(=O)C(C)(C)OC1=CC=C(C=C1)C(=O)C2=CC=C(C=C2)Cl	5.19999981	3339;25144424;25144572;25144573;25144576;25144716;25144718;25144719;25144857;25144858;25144860;25144989;25144991;25144992;25144994;25145134;25145136;25145137;25145139;25145270;25145275;25145410;25145412;25145415;25145557;25145706;25145709;25145851;49849683;72701056;71480098;76973109	HMDB:(15173);SuperNatural:(SN00001633);ZINC bio:(ZINC00584092);additional;HSDB:(49562-28-9);MeSH:(3339);PubMed;NORMAN:(NS00000285);COCONUT:(CNP0334245);database;PubChem:(3339 25144424 25144572 25144573 25144576 25144716 25144718 25144719 25144857 25144858 25144860 25144989 25144991 25144992 25144994 25145134 25145136 25145137 25145139 25145270 25145275 25145410 25145412 25145415 25145557 25145706 25145709 25145851 49849683 72701056 71480098 76973109);CHEBI:(5001);PubChem class - bio and metabolites;KEGG:(C07586);PubChem class - safety and toxic;PubChem class - drug	68840858478