structureRankPerFormula	formulaRank	ConfidenceScore	CSI:FingerIDScore	molecularFormula	adduct	InChIkey2D	InChI	name	smiles	xlogp	pubchemids	links	dbflags
1	1	0.3604113109746597	-2.5363531758330358	C33H35FN2O5	[M - H]-	XUKUURHRXDUEBC	InChI=1S/C33H35FN2O5/c1-21(2)31-30(33(41)35-25-11-7-4-8-12-25)29(22-9-5-3-6-10-22)32(23-13-15-24(34)16-14-23)36(31)18-17-26(37)19-27(38)20-28(39)40/h3-16,21,26-27,37-38H,17-20H2,1-2H3,(H,35,41)(H,39,40)	Liprimar	CC(C)C1=C(C(=C(N1CCC(CC(CC(=O)O)O)O)C2=CC=C(C=C2)F)C3=CC=CC=C3)C(=O)NC4=CC=CC=C4	5.0	2250;60823;62976;4636594;6093359;10507504;10555355;10558246;10603355;10650977;10745515;15968809;17589822;21029434;25141466;25141467;25141919;25141920;25143995;25143996;25143997;25145111;25145242;25145243;25145244;25145388;25164918;25164919;25164920;25165119;25165120;25165121;25165122;25165316;25165317;25165318;25165524;25165525;25165526;42066746;46780495;49849492;51052072;53233816;53233817;53233818;53233924;53233925;53233926;53234037;53234038;59043179;59089932;59346965;59346966;59346967;59346968;73265363;76973370;91100018;123432810;138402698	HMDB:(5006);SuperNatural:(SN00268684);ZINC bio:(ZINC03920719);additional;HSDB:(134523-00-5);MeSH:(60823 17589822);PubMed;NORMAN:(NS00009054);COCONUT:(CNP0285710);Natural Products:(UNPD155018);database;PubChem:(2250 60823 62976 4636594 6093359 10507504 10555355 10558246 10603355 10650977 10745515 15968809 17589822 21029434 25141466 25141467 25141919 25141920 25143995 25143996 25143997 25145111 25145242 25145243 25145244 25145388 25164918 25164919 25164920 25165119 25165120 25165121 25165122 25165316 25165317 25165318 25165524 25165525 25165526 42066746 46780495 49849492 51052072 53233816 53233817 53233818 53233924 53233925 53233926 53234037 53234038 59043179 59089932 59346965 59346966 59346967 59346968 73265363 76973370 91100018 123432810 138402698);CHEBI:(50690 94450 39548);PubChem class - bio and metabolites;KEGG:(C06834);PubChem class - safety and toxic;Training Set;PubChem class - drug	68840907630