structureRankPerFormula	formulaRank	ConfidenceScore	CSI:FingerIDScore	molecularFormula	adduct	InChIkey2D	InChI	name	smiles	xlogp	pubchemids	links	dbflags
1	1	0.3033259147439174	-108.60285221526226	C45H57NO14	[M + H]+	BMQGVNUXMIRLCK	InChI=1S/C45H57NO14/c1-24-28(57-39(51)33(48)32(26-17-13-11-14-18-26)46-40(52)60-41(3,4)5)22-45(53)37(58-38(50)27-19-15-12-16-20-27)35-43(8,36(49)34(55-10)31(24)42(45,6)7)29(54-9)21-30-44(35,23-56-30)59-25(2)47/h11-20,28-30,32-35,37,48,53H,21-23H2,1-10H3,(H,46,52)	Jevtana	CC1=C2C(C(=O)C3(C(CC4C(C3C(C(C2(C)C)(CC1OC(=O)C(C(C5=CC=CC=C5)NC(=O)OC(C)(C)C)O)O)OC(=O)C6=CC=CC=C6)(CO4)OC(=O)C)OC)C)OC	4.20112228	9811221;9854073;9897396;11366400;21348140;52917133;57524246;57524311;57524313;57524383;57524718;71314469;71314470;90265086;89696019;89867911;89912543;117608947;117694076;117997216;118989711;125461531;125461532;125461533;122361912;124893088;124929093;124929094;124929095;124929096;126422241;129009963;129010430;129606810;131706641;132080880;134575046;134694677;138107042;137705161	HMDB:(15672);additional;MeSH:(9854073 9897396 21348140 71314469 71314470 89867911 90265086 118989711 129009963 134694677 137705161);PubMed;NORMAN:(NS00040697);COCONUT:(CNP0074892);database;PubChem:(9811221 9854073 9897396 11366400 21348140 52917133 57524246 57524311 57524313 57524383 57524718 71314469 71314470 90265086 89696019 89867911 89912543 117608947 117694076 117997216 118989711 125461531 125461532 125461533 122361912 124893088 124929093 124929094 124929095 124929096 126422241 129009963 129010430 129606810 131706641 132080880 134575046 134694677 138107042 137705161);CHEBI:(63584);PubChem class - bio and metabolites;PubChem class - safety and toxic;Training Set;PubChem class - drug	68839817326
2	1	N/A	-183.6739639980652	C45H57NO14	[M + H]+	SUOGUKJEXYJHTD	InChI=1S/C45H57NO14/c1-24-28(57-39(51)33(48)32(26-17-13-11-14-18-26)46-40(52)60-41(3,4)5)22-45(53)37(58-38(50)27-19-15-12-16-20-27)35-43(8,36(49)34(55-10)31(24)42(45,6)7)29(54-9)21-30-44(35,23-56-30)59-25(2)47/h11-20,24,28-30,32-33,35,37,48,53H,21-23H2,1-10H3,(H,46,52)	null	COC1=C2C(C)C(OC(=O)C(O)C(NC(=O)OC(C)(C)C)c3ccccc3)CC(O)(C(OC(=O)c3ccccc3)C3C4(OC(C)=O)COC4CC(OC)C3(C)C1=O)C2(C)C	4.575198376559148	""	""	0