structureRankPerFormula	formulaRank	ConfidenceScore	CSI:FingerIDScore	molecularFormula	adduct	InChIkey2D	InChI	name	smiles	xlogp	pubchemids	links	dbflags
1	1	0.14551603942322888	-122.43525215565003	C22H40O6	[M - H]-	KJJAFBMXGHHGNJ	InChI=1S/C22H40O6/c1-4-5-6-7-8-9-10-11-12-13-14-15-16-22(25)27-18-21(28-20(3)24)17-26-19(2)23/h21H,4-18H2,1-3H3	null	CCCCCCCCCCCCCCC(=O)OC[C@H](COC(C)=O)OC(C)=O	5.799304295304407	""	""	0
2	1	N/A	-187.7684833363287	C22H40O6	[M - H]-	FLVBOVQKMCPBFE	InChI=1S/C22H40O6/c1-6-7-8-9-10-11-12-13-14-15-18(23)27-19(16(2)3)20(21(24)25)28-22(26)17(4)5/h16-17,19-20H,6-15H2,1-5H3,(H,24,25)	null	CCCCCCCCCCCC(=O)OC(C(C)C)C(C(=O)O)OC(=O)C(C)C	7.19999981	71558307	COCONUT:(CNP0140721);Natural Products:(UNPD223164);database;PubChem:(71558307);PubMed	68721606722
3	1	N/A	-209.43685693840308	C22H40O6	[M - H]-	PHSQDXKUQRUWOG	InChI=1S/C22H40O6/c1-17(27-22-20(24)16-19(23)18(2)28-22)14-12-10-8-6-4-3-5-7-9-11-13-15-21(25)26/h13,15,17-20,22-24H,3-12,14,16H2,1-2H3,(H,25,26)	null	CC1C(CC(C(O1)OC(C)CCCCCCCCCCCC=CC(=O)O)O)O	5.19999981	86289698;132282334	COCONUT:(CNP0083151);database;PubChem:(86289698 132282334);CHEBI:(139668 78965)	68721573922
4	1	N/A	-235.2232524306047	C22H40O6	[M - H]-	BEKLYIAFACFFDO	InChI=1S/C22H40O6/c1-18-19(23)17-20(24)22(28-18)27-16-14-12-10-8-6-4-2-3-5-7-9-11-13-15-21(25)26/h13,15,18-20,22-24H,2-12,14,16-17H2,1H3,(H,25,26)	null	CC1C(CC(C(O1)OCCCCCCCCCCCCCC=CC(=O)O)O)O	5.30000019	86289787;132282465	COCONUT:(CNP0112884);database;PubChem:(86289787 132282465);CHEBI:(79149 140016)	68721573922
5	1	N/A	-254.38892247454785	C22H40O6	[M - H]-	CWPPKIPNSISLIX	InChI=1S/C22H40O6/c1-14(6-9-17-15(2)7-8-16(3)22(17,4)5)10-11-28-13-19(25)21(27)20(26)18(24)12-23/h10,16,18-21,23-27H,6-9,11-13H2,1-5H3	null	CC1CCC(=C(C1(C)C)CCC(=CCOCC(C(C(C(CO)O)O)O)O)C)C	1.39999998	23928037;68007625	COCONUT:(CNP0321305);Natural Products:(UNPD85055);database;PubChem:(23928037 68007625);SuperNatural:(SN00029766 SN00259521 SN00029765);ZINC bio:(ZINC31165656 ZINC31165660)	68722663426