structureRankPerFormula	formulaRank	ConfidenceScore	CSI:FingerIDScore	molecularFormula	adduct	InChIkey2D	InChI	name	smiles	xlogp	pubchemids	links	dbflags
1	1	0.28352012623377076	-459.6351161531981	C21H16ClFN4O5	[M + H]+	UFEODZBUAFNAEU	InChI=1S/C21H16ClFN4O5/c1-28-26-18(21-27-30-11-10-29-21)13-6-2-4-8-15(13)31-19-17(23)20(25-12-24-19)32-16-9-5-3-7-14(16)22/h2-9,12H,10-11H2,1H3	Fandango	CON=C(C1=CC=CC=C1OC2=C(C(=NC=N2)OC3=CC=CC=C3Cl)F)C4=NOCCO4	5.0999999	9804219;11048796;53395436;71316887;71316888;132939184;132939185	NORMAN:(NS00008659);COCONUT:(CNP0322448);database;PubChem:(9804219 11048796 53395436 71316887 71316888 132939184 132939185);CHEBI:(83253);additional;PubChem class - bio and metabolites;HSDB:(361377-29-9);MeSH:(11048796);PubChem class - safety and toxic;PubMed	68806247014