structureRankPerFormula	formulaRank	ConfidenceScore	CSI:FingerIDScore	molecularFormula	adduct	InChIkey2D	InChI	name	smiles	xlogp	pubchemids	links	dbflags
1	1	0.4755078400885015	-5.455006081946062	C15H11I4NO4	[M - H]-	XUIIKFGFIJCVMT	InChI=1S/C15H11I4NO4/c16-8-4-7(5-9(17)13(8)21)24-14-10(18)1-6(2-11(14)19)3-12(20)15(22)23/h1-2,4-5,12,21H,3,20H2,(H,22,23)	eltroxin	C1=C(C=C(C(=C1I)OC2=CC(=C(C(=C2)I)O)I)I)CC(C(=O)O)N	2.4000001	853;5819;8730;644282;3032526;3811368;9832083;22825267;22884210;23725048;25201348;25201456;46783077;46906087;53442263;56974662;71574389;71309743;78224440;87650001;90657408;91810528;117065299;117587718;129285683;138402694	HMDB:(248 14651);SuperNatural:(SN00400343 SN00247789 SN00064353 SN00156782);ZINC bio:(ZINC03830993);additional;HSDB:(51-48-9);MeSH:(853 5819 8730);Plantcyc:(L-THYROXINE);PubMed;NORMAN:(NS00008737);COCONUT:(CNP0186798 CNP0207509);Natural Products:(UNPD163971 UNPD116769 UNPD167300 UNPD88561);database;PubChem:(853 5819 8730 644282 3032526 3811368 9832083 22825267 22884210 23725048 25201348 25201456 46783077 46906087 53442263 56974662 71574389 71309743 78224440 87650001 90657408 91810528 117065299 117587718 129285683 138402694);CHEBI:(30660 30659 18332 60302 305790 58448);PubChem class - bio and metabolites;KEGG:(C01829);PubChem class - safety and toxic;Training Set;PubChem class - drug;Biocyc:(CPD-11211 L-THYROXINE)	68841040750
2	1	N/A	-175.99150989508388	C15H11I4NO4	[M - H]-	MLWODHCUQOMOGD	InChI=1S/C15H11I4NO4/c16-13(15(17,14(22)23)20(18)19)9-1-5-11(6-2-9)24-12-7-3-10(21)4-8-12/h1-8,13,21H,(H,22,23)	null	C1=CC(=CC=C1C(C(C(=O)O)(N(I)I)I)I)OC2=CC=C(C=C2)O	2.5999999	54079209	PubChem:(54079209);PubMed;database	68719476802