structureRankPerFormula	formulaRank	ConfidenceScore	CSI:FingerIDScore	molecularFormula	adduct	InChIkey2D	InChI	name	smiles	xlogp	pubchemids	links	dbflags
1	1	0.29965670325435095	-366.3095687381037	C28H27NO4S	[M + H]+	GZUITABIAKMVPG	InChI=1S/C28H27NO4S/c30-21-8-4-20(5-9-21)28-26(24-13-10-22(31)18-25(24)34-28)27(32)19-6-11-23(12-7-19)33-17-16-29-14-2-1-3-15-29/h4-13,18,30-31H,1-3,14-17H2	Keoxifene	C1CCN(CC1)CCOC2=CC=C(C=C2)C(=O)C3=C(SC4=C3C=CC(=C4)O)C5=CC=C(C=C5)O	6.0999999	5035;11754789;15940170;25207788;25216569;25216570;25217188;25217190;25217303;25218420;53340184;90895814	HMDB:(14624);SuperNatural:(SN00001625);ZINC bio:(ZINC00538275);additional;HSDB:(84449-90-1);MeSH:(5035 15940170);PubMed;NORMAN:(NS00005279);COCONUT:(CNP0349396 CNP0385055);database;PubChem:(5035 11754789 15940170 25207788 25216569 25216570 25217188 25217190 25217303 25218420 53340184 90895814);CHEBI:(90191 8772);PubChem class - bio and metabolites;KEGG:(C07228);PubChem class - safety and toxic;PubChem class - drug;Biocyc:(CPD-4523)	68840860526