structureRankPerFormula	formulaRank	ConfidenceScore	CSI:FingerIDScore	molecularFormula	adduct	InChIkey2D	InChI	name	smiles	xlogp	pubchemids	links	dbflags
1	1	0.4460085267862906	-61.27106648815626	C27H29N5O6S	[M + H]+	GJPICJJJRGTNOD	InChI=1S/C27H29N5O6S/c1-27(2,3)18-10-12-19(13-11-18)39(34,35)32-23-22(38-21-9-6-5-8-20(21)36-4)26(37-17-16-33)31-25(30-23)24-28-14-7-15-29-24/h5-15,33H,16-17H2,1-4H3,(H,30,31,32)	Actelion	CC(C)(C)C1=CC=C(C=C1)S(=O)(=O)NC2=C(C(=NC(=N2)C3=NC=CC=N3)OCCO)OC4=CC=CC=C4OC	3.79999995	104865;25207767;25217739;25217741;25217742;25217872;49849576;57538923;59233864;59233866;59233869;59233872;59233876;59253435;59818114;59818116;59818118;59818120;59818123;59818126;59818129;59818130;59818133;59818134;59818141;59818142;59818150;119081665;117900889;117900890	NORMAN:(NS00008194);COCONUT:(CNP0271299);HMDB:(14699);database;PubChem:(104865 25207767 25217739 25217741 25217742 25217872 49849576 57538923 59233864 59233866 59233869 59233872 59233876 59253435 59818114 59818116 59818118 59818120 59818123 59818126 59818129 59818130 59818133 59818134 59818141 59818142 59818150 119081665 117900889 117900890);CHEBI:(51450);additional;PubChem class - bio and metabolites;MeSH:(104865);PubChem class - safety and toxic;PubMed;PubChem class - drug	68839800942