structureRankPerFormula	formulaRank	ConfidenceScore	CSI:FingerIDScore	molecularFormula	adduct	InChIkey2D	InChI	name	smiles	xlogp	pubchemids	links	dbflags
1	1	0.14070677662978245	-333.0094493325607	C21H21ClN4OS	[M + H]+	MVWVFYHBGMAFLY	InChI=1S/C21H21ClN4OS/c22-17-13-18-15(12-20(27)23-18)11-14(17)5-6-25-7-9-26(10-8-25)21-16-3-1-2-4-19(16)28-24-21/h1-4,11,13H,5-10,12H2,(H,23,27)	Zipradon	C1CN(CCN1CCC2=C(C=C3C(=C2)CC(=O)N3)Cl)C4=NSC5=CC=CC=C54	4.0	60854;10024834;10409574;25181553;25215742;25215743;25215744;25215986;25215987;25215988;25215989;25215990;25216238;25216239;24848261;57607875	HMDB:(14391);ZINC bio:(ZINC00538550);additional;HSDB:(146939-27-7);MeSH:(60854);PubMed;NORMAN:(NS00004565);COCONUT:(CNP0347719);database;PubChem:(60854 10024834 10409574 25181553 25215742 25215743 25215744 25215986 25215987 25215988 25215989 25215990 25216238 25216239 24848261 57607875);CHEBI:(10119);PubChem class - bio and metabolites;KEGG:(C07568);PubChem class - safety and toxic;PubChem class - drug	68839809902
2	1	N/A	-374.3236988510416	C21H21ClN4OS	[M + H]+	CARRCRVKWDEWCD	InChI=1S/C21H21ClN4OS/c22-17-13-18-15(12-20(27)23-18)11-14(17)5-6-25-7-9-26(10-8-25)21-16-3-1-2-4-19(16)28-24-21/h1-4,11-13,23,27H,5-10H2	5-[2-[4-(1,2-benzothiazol-3-yl)piperazin-1-yl]ethyl]-6-chloro-1H-indol-2-ol	C1CN(CCN1CCC2=C(C=C3C(=C2)C=C(N3)O)Cl)C4=NSC5=CC=CC=C54	5.30000019	16760212	PubChem:(16760212);PubMed;database	68719476802