structureRankPerFormula	formulaRank	ConfidenceScore	CSI:FingerIDScore	molecularFormula	adduct	InChIkey2D	InChI	name	smiles	xlogp	pubchemids	links	dbflags
1	1	0.5950143850389981	-117.58775909643528	C24H29N5O3	[M + H]+	ACWBQPMHZXGDFX	InChI=1S/C24H29N5O3/c1-4-5-10-21(30)29(22(16(2)3)24(31)32)15-17-11-13-18(14-12-17)19-8-6-7-9-20(19)23-25-27-28-26-23/h6-9,11-14,16,22H,4-5,10,15H2,1-3H3,(H,31,32)(H,25,26,27,28)	Nisis-d3	CCCCC(=O)N(CC1=CC=C(C=C1)C2=CC=CC=C2C3=NNN=N3)C(C(C)C)C(=O)O	4.4000001	5650;60846;5284633;25134333;25134334;25134335;25135159;25135160;25135222;25135224;45040680;71752852;71752853;87103049;118856187;118985295;118985386;135351731;139024659;138402719	HMDB:(14323);additional;HSDB:(137862-53-4);MeSH:(60846);PubMed;NORMAN:(NS00000341);COCONUT:(CNP0192971);database;PubChem:(5650 60846 5284633 25134333 25134334 25134335 25135159 25135160 25135222 25135224 45040680 71752852 71752853 87103049 118856187 118985295 118985386 135351731 139024659 138402719);CHEBI:(94331 9927);PubChem class - bio and metabolites;PubChem class - safety and toxic;PubChem class - drug	68839801454
2	1	N/A	-620.7359270095213	C24H29N5O3	[M + H]+	PNPFMWIDAKQFPY	InChI=1S/C24H29N5O3/c1-24(2,30)21-13-17(5-9-25-21)27-22-14-19(6-10-26-22)32-20-15-29(18-3-4-18)28-23(20)16-7-11-31-12-8-16/h5-6,9-10,13-16,18,30H,3-4,7-8,11-12H2,1-2H3,(H,25,26,27)	null	CC(C)(C1=NC=CC(=C1)NC2=NC=CC(=C2)OC3=CN(N=C3C4CCOCC4)C5CC5)O	2.0999999	121249291	PubChem:(121249291);PubChem class - drug;database	68753031170