structureRankPerFormula	formulaRank	ConfidenceScore	CSI:FingerIDScore	molecularFormula	adduct	InChIkey2D	InChI	name	smiles	xlogp	pubchemids	links	dbflags
1	1	0.11102525444452792	-510.87063764230174	C16H17BrClN3O3	[M + H]+	QXDBONVVXKCYJW	InChI=1S/C16H17BrClN3O3/c17-10-4-9-12(5-11(10)18)20-8-21(15(9)22)7-16(23)6-13-14(24-16)2-1-3-19-13/h4-5,8,13-14,19,23H,1-3,6-7H2	null	C1CC2C(CC(O2)(CN3C=NC4=CC(=C(C=C4C3=O)Br)Cl)O)NC1	1.70000005	102095831	COCONUT:(CNP0147403);Natural Products:(UNPD18419);database;PubChem:(102095831);SuperNatural:(SN00254239)	68722655234
2	1	N/A	-517.516711778227	C16H17BrClN3O3	[M + H]+	LVASCWIMLIKXLA	InChI=1S/C16H17BrClN3O3/c17-11-6-13-10(5-12(11)18)16(24)21(8-20-13)7-9(22)4-14-15(23)2-1-3-19-14/h5-6,8,14-15,19,23H,1-4,7H2	Stenorol	C1CC(C(NC1)CC(=O)CN2C=NC3=CC(=C(C=C3C2=O)Cl)Br)O	1.39999998	62891;62894;400772;456390;37888350;37888351;37888352;37888353;40563233;46781677;60076317;70920153;121225394	NORMAN:(NS00017223);COCONUT:(CNP0360732);HMDB:(31784);database;PubChem:(62891 62894 400772 456390 37888350 37888351 37888352 37888353 40563233 46781677 60076317 70920153 121225394);ZINC bio:(ZINC01849659);additional;PubChem class - bio and metabolites;MeSH:(62894 400772 456390 37888353);PubChem class - safety and toxic;PubMed;PubChem class - drug	68839809102
3	1	N/A	-518.1839209766356	C16H17BrClN3O3	[M + H]+	BYUBIEHDXHVXPO	InChI=1S/C16H17BrClN3O3/c17-12-4-11-14(5-13(12)18)20-8-21(16(11)24)7-10(22)3-9-6-19-2-1-15(9)23/h4-5,8-9,15,19,23H,1-3,6-7H2	null	C1CNCC(C1O)CC(=O)CN2C=NC3=CC(=C(C=C3C2=O)Br)Cl	2.10119796	""	COCONUT:(CNP0112519);Natural Products:(UNPD156192);database;SuperNatural:(SN00271356)	68722655232