structureRankPerFormula	formulaRank	ConfidenceScore	CSI:FingerIDScore	molecularFormula	adduct	InChIkey2D	InChI	name	smiles	xlogp	pubchemids	links	dbflags
1	1	0.6457292982895896	-63.88932634726209	C21H27FO6	[M + H]+	GFNANZIMVAIWHM	InChI=1S/C21H27FO6/c1-18-6-5-12(24)7-11(18)3-4-13-14-8-15(25)21(28,17(27)10-23)19(14,2)9-16(26)20(13,18)22/h5-7,13-16,23,25-26,28H,3-4,8-10H2,1-2H3	Volon-d5	CC12CC(C3(C(C1CC(C2(C(=O)CO)O)O)CCC4=CC(=O)C=CC43C)F)O	1.12297189	5544;31307;123657;1258562;969506;5702125;7061349;7061350;7061351;7067791;6432032;6452518;6604026;6604223;12359177;12359179;12359180;11869428;11869429;11869430;11869431;11870426;11891483;11891484;11891485;16757739;20056841;20727438;16394619;22790939;24758541;24867264;42051994;42051995;44270988;46783135;56613267;60205014;58690193;71752670;93289042;99644492;122130023;124745447;124900700;124900703;124903170;124903171;124903172;126456792;126963573;129009976;129010247;133687281;132342653;135639000;138113606;138402699	HMDB:(14758);SuperNatural:(SN00006073 SN00006074 SN00006229 SN00006230);ZINC bio:(ZINC03882036 ZINC03882038 ZINC03977910 ZINC03977911 ZINC05275966);additional;HSDB:(124-94-7);MeSH:(31307);PubMed;NORMAN:(NS00007956);COCONUT:(CNP0203822);database;PubChem:(5544 31307 123657 1258562 969506 5702125 7061349 7061350 7061351 7067791 6432032 6452518 6604026 6604223 12359177 12359179 12359180 11869428 11869429 11869430 11869431 11870426 11891483 11891484 11891485 16757739 20056841 20727438 16394619 22790939 24758541 24867264 42051994 42051995 44270988 46783135 56613267 60205014 58690193 71752670 93289042 99644492 122130023 124745447 124900700 124900703 124903170 124903171 124903172 126456792 126963573 129009976 129010247 133687281 132342653 135639000 138113606 138402699);CHEBI:(9667);PubChem class - bio and metabolites;PubChem class - safety and toxic;PubChem class - drug;KEGG Mine	77430792814
2	1	N/A	-182.446892836821	C21H27FO6	[M + H]+	GZJSETSPRHVZQW	InChI=1S/C21H27FO6/c1-18-9-16(26)21(22)14(13(18)5-6-20(18,28)17(27)10-23)4-3-11-7-12(24)8-15(25)19(11,21)2/h7,13-14,16,23,26,28H,3-6,8-10H2,1-2H3	null	CC12CC(C3(C(C1CCC2(C(=O)CO)O)CCC4=CC(=O)CC(=O)C43C)F)O	0.699999988	129688911	PubChem:(129688911);database	68719476738