structureRankPerFormula	formulaRank	ConfidenceScore	CSI:FingerIDScore	molecularFormula	adduct	InChIkey2D	InChI	name	smiles	xlogp	pubchemids	links	dbflags
1	1	0.49864049098371194	-2.871799463416336	C19H19N7O6	[M + H]+	OVBPIULPVIDEAO	InChI=1S/C19H19N7O6/c20-19-25-15-14(17(30)26-19)23-11(8-22-15)7-21-10-3-1-9(2-4-10)16(29)24-12(18(31)32)5-6-13(27)28/h1-4,8,12,21H,5-7H2,(H,24,29)(H,27,28)(H,31,32)(H3,20,22,25,26,30)	Aspol-d4	C1=CC(=CC=C1C(=O)NC(CCC(=O)O)C(=O)O)NCC2=CN=C3C(=N2)C(=O)N=C(N3)N	-1.10000002	6037;27950350;123348524;135525391;135583309;135754449;135761165;135789976;135839347;137061590;136174279;136691436;136691437;136219942;136219943;136219944;135961628;135961629;137125836;136238531;137162749;137239049;135398658;135405876;135444779;135493622	HMDB:(121);PubChem class - food;ZINC bio:(ZINC08577218 ZINC18456289 ZINC18456291);additional;HSDB:(59-30-3);MeSH:(135398658);Plantcyc:(CPD-12826 FOLATE);PubMed;NORMAN:(NS00007261);COCONUT:(CNP0172497 CNP0188219 CNP0324599 CNP0416315);KNApSAcK:(1539);Natural Products:(UNPD11430);database;PubChem:(6037 27950350 123348524 135525391 135583309 135754449 135761165 135789976 135839347 137061590 136174279 136691436 136691437 136219942 136219943 136219944 135961628 135961629 137125836 136238531 137162749 137239049 135398658 135405876 135444779 135493622);CHEBI:(62501 27470);PubChem class - bio and metabolites;KEGG:(C00504);PubChem class - safety and toxic;Training Set;PubChem class - drug;Biocyc:(CPD-12826 FOLATE)	68974209918