structureRankPerFormula	formulaRank	ConfidenceScore	CSI:FingerIDScore	molecularFormula	adduct	InChIkey2D	InChI	name	smiles	xlogp	pubchemids	links	dbflags
1	1	0.3491154880953928	-138.2067101000045	C12H11ClN2O5S	[M + H]+	ZZUFCTLCJUWOSV	InChI=1S/C12H11ClN2O5S/c13-9-5-10(15-6-7-2-1-3-20-7)8(12(16)17)4-11(9)21(14,18)19/h1-5,15H,6H2,(H,16,17)(H2,14,18,19)	Aisemide	C1=COC(=C1)CNC2=CC(=C(C=C2C(=O)O)S(=O)(=O)N)Cl	1.30031157	3440;4739262;45039317;49849691;68155782;76973673;91390761;118985385;138396132	HMDB:(1933);SuperNatural:(SN00000323);ZINC bio:(ZINC00035804);additional;HSDB:(54-31-9);MeSH:(3440);PubMed;NORMAN:(NS00008630);COCONUT:(CNP0066269 CNP0376461);database;PubChem:(3440 4739262 45039317 49849691 68155782 76973673 91390761 118985385 138396132);CHEBI:(47426);PubChem class - bio and metabolites;KEGG:(C07017);PubChem class - safety and toxic;PubChem class - drug	68840858478
2	1	N/A	-168.14369116967495	C12H11ClN2O5S	[M + H]+	UXOOVYKVEXGCSH	InChI=1S/C12H11ClN2O5S/c13-9-5-10(15-6-7-2-1-3-20-7)11(21(14,18)19)4-8(9)12(16)17/h1-5,15H,6H2,(H,16,17)(H2,14,18,19)	Isolasix	C1=COC(=C1)CNC2=C(C=C(C(=C2)Cl)C(=O)O)S(=O)(=O)N	1.30031157	58344442	PubChem:(58344442);database	68719476738