structureRankPerFormula	formulaRank	ConfidenceScore	CSI:FingerIDScore	molecularFormula	adduct	InChIkey2D	InChI	name	smiles	xlogp	pubchemids	links	dbflags
1	1	0.41572585318906985	-181.89122286673248	C25H25N7O3	[M + H]+	YBSJFWOBGCMAKL	InChI=1S/C25H25N7O3/c1-31-20-10-7-17(25(35)32(13-11-23(33)34)21-4-2-3-12-28-21)14-19(20)30-22(31)15-29-18-8-5-16(6-9-18)24(26)27/h2-10,12,14,29H,11,13,15H2,1H3,(H3,26,27)(H,33,34)	Dabigatran	CN1C2=C(C=C(C=C2)C(=O)N(CCC(=O)O)C3=CC=CC=N3)N=C1CNC4=CC=C(C=C4)C(=N)N	1.70000005	216210;49849310;71626150;71315160;77846800;117071836;139025445	database;PubChem:(216210 49849310 71626150 71315160 77846800 117071836 139025445);CHEBI:(70752);ZINC bio:(ZINC01910616);PubChem class - bio and metabolites;HSDB:(211914-51-1);MeSH:(216210);KEGG:(C21556);PubChem class - safety and toxic;PubMed;PubChem class - drug	68836926310
2	1	N/A	-370.10526748654553	C25H25N7O3	[M + H]+	YKYZPYDLFBNATE	InChI=1S/C25H25N7O3/c26-9-7-19-13-28-23(17-5-6-20-21(12-17)35-15-34-20)32(19)22-8-10-27-25(30-22)29-18-2-1-11-31(14-18)24(33)16-3-4-16/h5-6,8,10,12-13,16,18H,1-4,7,11,14-15H2,(H,27,29,30)	null	C1CC(CN(C1)C(=O)C2CC2)NC3=NC=CC(=N3)N4C(=CN=C4C5=CC6=C(C=C5)OCO6)CC#N	2.29999995	135389164	PubChem:(135389164);database	68719476738