structureRankPerFormula	formulaRank	ConfidenceScore	CSI:FingerIDScore	molecularFormula	adduct	InChIkey2D	InChI	name	smiles	xlogp	pubchemids	links	dbflags
1	1	0.2627663214156416	-186.66217703319333	C33H53NO8	[M + H]+	DHQFYEJMFMYGCV	InChI=1S/C33H53NO8/c1-16-4-7-27-33(3,40)22-6-5-18-19(21(22)14-34(27)13-16)11-23-20(18)12-25(36)24-10-17(8-9-32(23,24)2)41-31-30(39)29(38)28(37)26(15-35)42-31/h16-24,26-31,35,37-40H,4-15H2,1-3H3	Hupehemonoside	CC1CCC2C(C3CCC4C(C3CN2C1)CC5C4CC(=O)C6C5(CCC(C6)OC7C(C(C(C(O7)CO)O)O)O)C)(C)O	2.29999995	132538;3828935;6325353;20054946;16394486;16401117;16401265;21121606;44661317;44663290;75412559;90479257;98229531;98229534;98229536;98229537;101427836;124605114;124745082;124745083;124745084;124745085;124745086;124745087;124745088;124894170;124894171;124894172;124894173;124894174;124894175;124903236;124903237;124903238;124903239;127031295;131705667;131801353;139291825	COCONUT:(CNP0133658 CNP0282574);KNApSAcK:(28353);Natural Products:(UNPD83549 UNPD150562 UNPD164385 UNPD176094);database;PubChem:(132538 3828935 6325353 20054946 16394486 16401117 16401265 21121606 44661317 44663290 75412559 90479257 98229531 98229534 98229536 98229537 101427836 124605114 124745082 124745083 124745084 124745085 124745086 124745087 124745088 124894170 124894171 124894172 124894173 124894174 124894175 124903236 124903237 124903238 124903239 127031295 131705667 131801353 139291825);SuperNatural:(SN00114555 SN00166621 SN00338420 SN00114543 SN00275602 SN00275107 SN00297668);ZINC bio:(ZINC79214513 ZINC79216635);MeSH:(132538);PubMed;KEGG Mine	77312598102
2	1	N/A	-203.6347269844162	C33H53NO8	[M + H]+	XYVQVHAPKZLROE	InChI=1S/C33H53NO8/c1-16-4-7-27-33(3,42-31-30(40)29(39)28(38)26(15-35)41-31)22-6-5-18-19(21(22)14-34(27)13-16)11-23-20(18)12-25(37)24-10-17(36)8-9-32(23,24)2/h16-24,26-31,35-36,38-40H,4-15H2,1-3H3	null	CC1CCC2C(C3CCC4C(C3CN2C1)CC5C4CC(=O)C6C5(CCC(C6)O)C)(C)OC7C(C(C(C(O7)CO)O)O)O	2.23175836	""	COCONUT:(CNP0103533);Natural Products:(UNPD149270);database;SuperNatural:(SN00347198)	68722655232