structureRankPerFormula	formulaRank	ConfidenceScore	CSI:FingerIDScore	molecularFormula	adduct	InChIkey2D	InChI	name	smiles	xlogp	pubchemids	links	dbflags
1	1	0.49280376352624045	-50.18061545363522	C24H34N4O5S	[M + H]+	WIGIZIANZCJQQY	InChI=1S/C24H34N4O5S/c1-4-21-17(3)15-28(22(21)29)24(31)25-14-13-18-7-11-20(12-8-18)34(32,33)27-23(30)26-19-9-5-16(2)6-10-19/h7-8,11-12,16,19H,4-6,9-10,13-15H2,1-3H3,(H,25,31)(H2,26,27,30)	Glista OD	CCC1=C(CN(C1=O)C(=O)NCCC2=CC=C(C=C2)S(=O)(=O)NC(=O)NC3CCC(CC3)C)C	3.9000001	3476;25207715;25235580;25235584;25235629;25235716;25235759;25235762;25235895;25241307;51375034	HMDB:(14367);ZINC bio:(ZINC00537791);additional;MeSH:(3476);PubMed;NORMAN:(NS00004860);COCONUT:(CNP0281596);database;PubChem:(3476 25207715 25235580 25235584 25235629 25235716 25235759 25235762 25235895 25241307 51375034);CHEBI:(5383 92609);PubChem class - bio and metabolites;KEGG:(C07669);PubChem class - safety and toxic;PubChem class - drug	68839809390