structureRankPerFormula	formulaRank	ConfidenceScore	CSI:FingerIDScore	molecularFormula	adduct	InChIkey2D	InChI	name	smiles	xlogp	pubchemids	links	dbflags
1	1	0.13890710157585623	-236.3063186864189	C33H54O14	[M + CH2O2 - H]-	LAMRTXHVEXWMOH	InChI=1S/C33H54O14/c1-7-33(5,13-9-12-18(2)10-8-11-19(3)14-21(36)15-20(4)30(42)43-6)47-32-29(27(40)25(38)23(17-35)45-32)46-31-28(41)26(39)24(37)22(16-34)44-31/h7,11-12,15,21-29,31-32,34-41H,1,8-10,13-14,16-17H2,2-6H3	null	CC(=CCCC(C)(C=C)OC1C(C(C(C(O1)CO)O)O)OC2C(C(C(C(O2)CO)O)O)O)CCC=C(C)CC(C=C(C)C(=O)OC)O	1.20000005	102323536	COCONUT:(CNP0393451);Natural Products:(UNPD3093);database;PubChem:(102323536);SuperNatural:(SN00319135)	68722655234
2	1	N/A	-244.9697712333714	C33H54O14	[M + CH2O2 - H]-	AXPZWZNFVKVRRH	InChI=1S/C33H54O14/c1-2-3-4-5-6-7-8-9-10-11-12-13-14-15-16-17-25(36)43-19-22(35)20-44-32-31(42)29(40)27(38)24(47-32)21-45-33-30(41)28(39)26(37)23(18-34)46-33/h3-4,6-7,9-10,12-13,22-24,26-35,37-42H,2,5,8,11,14-21H2,1H3	null	CCC=CCC=CCC=CCC=CCCCCC(=O)OCC(COC1C(C(C(C(O1)COC2C(C(C(C(O2)CO)O)O)O)O)O)O)O	0.5	44254754;101270827	COCONUT:(CNP0358676);Natural Products:(UNPD54130);database;PubChem:(44254754 101270827);SuperNatural:(SN00342896)	68722655234