structureRankPerFormula	formulaRank	ConfidenceScore	CSI:FingerIDScore	molecularFormula	adduct	InChIkey2D	InChI	name	smiles	xlogp	pubchemids	links	dbflags
1	1	0.6273859274292152	-14.986574606011596	C13H18Cl2N2O2	[M + H]+	SGDBTWWWUNNDEQ	InChI=1S/C13H18Cl2N2O2/c14-5-7-17(8-6-15)11-3-1-10(2-4-11)9-12(16)13(18)19/h1-4,12H,5-9,16H2,(H,18,19)	Medfalan	C1=CC(=CC=C1CC(C(=O)O)N)N(CCCl)CCCl	2.17714572	4053;20189;460612;6918991;6918992;11142506;45039689;57517125;123419873;133688685	HMDB:(15176);ZINC bio:(ZINC00001673);additional;HSDB:(148-82-3);MeSH:(4053 20189 460612);PubMed;NORMAN:(NS00007007);COCONUT:(CNP0232807);database;PubChem:(4053 20189 460612 6918991 6918992 11142506 45039689 57517125 123419873 133688685);CHEBI:(82339 28876);PubChem class - bio and metabolites;KEGG:(C19442 C19256 C07122);PubChem class - safety and toxic;Training Set;PubChem class - drug	68839826286
2	1	N/A	-33.5631266432115	C13H18Cl2N2O2	[M + H]+	QDGAVODICPCDMU	InChI=1S/C13H18Cl2N2O2/c14-4-6-17(7-5-15)11-3-1-2-10(8-11)9-12(16)13(18)19/h1-3,8,12H,4-7,9,16H2,(H,18,19)	Metamelfalan	C1=CC(=CC(=C1)N(CCCl)CCCl)CC(C(=O)O)N	2.17714572	14152;11098767;69914041	MeSH:(11098767);database;PubChem class - safety and toxic;PubChem:(14152 11098767 69914041);PubMed;PubChem class - drug	68820140102