Score,InChI,FragmenterScore_Values,MaximumTreeDepth,MonoisotopicMass,Identifier,MolecularFormula,InChIKey3,SMILES,FormulasOfExplPeaks,InChIKey2,InChIKey1,FragmenterScore,ExplPeaks,InChIKey,NoExplPeaks,NumberPeaksUsed
1.0,"InChI=1S/C19H19N7O6/c20-19-25-15-14(17(30)26-19)23-11(8-22-15)7-21-10-3-1-9(2-4-10)16(29)24-12(18(31)32)5-6-13(27)28/h1-4,8,12,21H,5-7H2,(H,24,29)(H,27,28)(H,31,32)(H3,20,22,25,26,30)",610.0;958.0;305.0;305.0;305.0,2,441.1396813,68207,C19H19N7O6,N,Nc1nc2ncc(CNc3ccc(C(=O)NC(CCC(=O)O)C(=O)O)cc3)nc2c(=O)[nH]1,120.04441833496094:[C7H5NO]+H+;121.04932403564453:[C5H5N4]+;176.05642700195312:[C7H6N5O]+;177.06385803222656:[C7H6N5O]+H+;295.0931396484375:[C14H11N6O2]+,UHFFFAOYSA,OVBPIULPVIDEAO,171.68918013539238,120.04441833496094_273.8;121.04932403564453_13.8;176.05642700195312_309.8;177.06385803222656_15.0;295.0931396484375_999.0,OVBPIULPVIDEAO-UHFFFAOYSA-N,5,10
