Score,InChI,FragmenterScore_Values,MaximumTreeDepth,MonoisotopicMass,Identifier,MolecularFormula,InChIKey3,SMILES,FormulasOfExplPeaks,InChIKey2,InChIKey1,FragmenterScore,ExplPeaks,InChIKey,NoExplPeaks,NumberPeaksUsed
1.0,"InChI=1S/C50H57NO17/c1-25-31(65-45(61)38(56)35(27-15-9-6-10-16-27)51-43(59)28-17-11-7-12-18-28)22-50(62)42(67-44(60)29-19-13-8-14-20-29)40-48(5,41(58)37(55)34(25)47(50,3)4)32(21-33-49(40,24-64-33)68-26(2)52)66-46-39(57)36(54)30(53)23-63-46/h6-20,30-33,35-40,42,46,53-57,62H,21-24H2,1-5H3,(H,51,59)/t30-,31+,32+,33-,35+,36+,37-,38-,39-,40+,42+,46+,48-,49+,50-/m1/s1",460.0;1068.0;448.0;1044.0;1144.0;348.0;1784.0;405.0,2,943.3626494,515294,C50H57NO17,N,CC(=O)O[C@@]12CO[C@@H]1C[C@H](O[C@@H]1OC[C@@H](O)[C@H](O)[C@H]1O)[C@@]1(C)C(=O)[C@H](O)C3=C(C)[C@@H](OC(=O)[C@H](O)[C@@H](NC(=O)c4ccccc4)c4ccccc4)C[C@@](O)([C@@H](OC(=O)c4ccccc4)[C@H]21)C3(C)C,79.05488586425781:[C6H5+H]+H+;95.04939270019531:[C6H4O+2H]+H+;105.01904296875:[C3H5O4]+;110.07329559326172:[C7H11O-H]+;122.05994415283203:[C7H6NO+H]+H+;240.1023406982422:[C15H14NO2]+;286.1065979003906:[C16H14NO4+H]+H+;509.20599365234375:[C28H30NO8]+H+,DYLQFHMVSA,ORKLEZFXASNLFJ,38.12324939414189,79.05488586425781_44.2;95.04939270019531_52.9;105.01904296875_61.4;110.07329559326172_16.7;122.05994415283203_494.2;240.1023406982422_59.1;286.1065979003906_737.9;509.20599365234375_42.4,ORKLEZFXASNLFJ-DYLQFHMVSA-N,8,58
1.0,"InChI=1S/C50H57NO17/c1-25-31(65-45(61)38(56)35(27-15-9-6-10-16-27)51-43(59)28-17-11-7-12-18-28)22-50(62)42(67-44(60)29-19-13-8-14-20-29)40-48(5,41(58)37(55)34(25)47(50,3)4)32(21-33-49(40,24-64-33)68-26(2)52)66-46-39(57)36(54)30(53)23-63-46/h6-20,25,30-36,38-40,42,46,53-54,56-57,62H,21-24H2,1-5H3,(H,51,59)",460.0;1068.0;448.0;1044.0;1144.0;348.0;1784.0;405.0,2,943.3626494,559046,C50H57NO17,N,CC(=O)OC12COC1CC(OC1OCC(O)C(O)C1O)C1(C)C(=O)C(=O)C3C(C)C(OC(=O)C(O)C(NC(=O)c4ccccc4)c4ccccc4)CC(O)(C(OC(=O)c4ccccc4)C21)C3(C)C,79.05488586425781:[C6H5+H]+H+;95.04939270019531:[C6H4O+2H]+H+;105.01904296875:[C3H5O4]+;110.07329559326172:[C7H11O-H]+;122.05994415283203:[C7H6NO+H]+H+;240.1023406982422:[C15H14NO2]+;286.1065979003906:[C16H14NO4+H]+H+;509.20599365234375:[C28H30NO8]+H+,UHFFFAOYSA,QZFPLCRYJQKPRY,38.12324939414189,79.05488586425781_44.2;95.04939270019531_52.9;105.01904296875_61.4;110.07329559326172_16.7;122.05994415283203_494.2;240.1023406982422_59.1;286.1065979003906_737.9;509.20599365234375_42.4,QZFPLCRYJQKPRY-UHFFFAOYSA-N,8,58
