Score,InChI,FragmenterScore_Values,MaximumTreeDepth,MonoisotopicMass,Identifier,MolecularFormula,InChIKey3,SMILES,FormulasOfExplPeaks,InChIKey2,InChIKey1,FragmenterScore,ExplPeaks,InChIKey,NoExplPeaks,NumberPeaksUsed
1.0,"InChI=1S/C45H49NO13/c1-24-29(57-41(54)35(50)33(26-15-9-6-10-16-26)46-39(52)27-17-11-7-12-18-27)22-45(55)38(58-40(53)28-19-13-8-14-20-28)36-43(5,37(51)34(49)32(24)42(45,3)4)30(48)21-31-44(36,23-56-31)59-25(2)47/h6-20,29-31,33-36,38,48-50,55H,21-23H2,1-5H3,(H,46,52)/t29-,30-,31+,33-,34+,35+,36-,38-,43+,44-,45+/m0/s1",460.0;360.0,2,811.3203906,515275,C45H49NO13,N,CC(=O)O[C@@]12CO[C@@H]1C[C@H](O)[C@@]1(C)C(=O)[C@H](O)C3=C(C)[C@@H](OC(=O)[C@H](O)[C@@H](NC(=O)c4ccccc4)c4ccccc4)C[C@@](O)([C@@H](OC(=O)c4ccccc4)[C@H]21)C3(C)C,106.04024505615234:[C7H5O]+H+;286.1065673828125:[C16H14NO4+H]+H+,MHHARFCSSA,TYLVGQKNNUHXIP,30.079524291031216,106.04024505615234_62.5;286.1065673828125_776.8,TYLVGQKNNUHXIP-MHHARFCSSA-N,2,47
1.0,"InChI=1S/C45H49NO13/c1-24-29(57-41(54)35(50)33(26-15-9-6-10-16-26)46-39(52)27-17-11-7-12-18-27)22-45(55)38(58-40(53)28-19-13-8-14-20-28)36-43(5,37(51)34(49)32(24)42(45,3)4)30(48)21-31-44(36,23-56-31)59-25(2)47/h6-20,24,29-33,35-36,38,48,50,55H,21-23H2,1-5H3,(H,46,52)",460.0;360.0,2,811.3203906,559008,C45H49NO13,N,CC(=O)OC12COC1CC(O)C1(C)C(=O)C(=O)C3C(C)C(OC(=O)C(O)C(NC(=O)c4ccccc4)c4ccccc4)CC(O)(C(OC(=O)c4ccccc4)C21)C3(C)C,106.04024505615234:[C7H5O]+H+;286.1065673828125:[C16H14NO4+H]+H+,UHFFFAOYSA,KJNCJEFOGQPOHS,30.079524291031216,106.04024505615234_62.5;286.1065673828125_776.8,KJNCJEFOGQPOHS-UHFFFAOYSA-N,2,47
