Score,InChI,FragmenterScore_Values,MaximumTreeDepth,MonoisotopicMass,Identifier,MolecularFormula,InChIKey3,SMILES,FormulasOfExplPeaks,InChIKey2,InChIKey1,FragmenterScore,ExplPeaks,InChIKey,NoExplPeaks,NumberPeaksUsed
1.0,"InChI=1S/C47H51NO14/c1-25-31(60-43(56)36(52)35(28-16-10-7-11-17-28)48-41(54)29-18-12-8-13-19-29)23-47(57)40(61-42(55)30-20-14-9-15-21-30)38-45(6,32(51)22-33-46(38,24-58-33)62-27(3)50)39(53)37(59-26(2)49)34(25)44(47,4)5/h7-21,31-33,35-38,40,51-52,57H,22-24H2,1-6H3,(H,48,54)/t31-,32+,33+,35+,36+,37+,38-,40-,45+,46-,47+/m0/s1",1324.0;348.0;1056.0;820.0;720.0;460.0,2,853.3309553,544635,C47H51NO14,N,CC(=O)O[C@H]1C(=O)[C@]2(C)[C@H](O)C[C@H]3OC[C@@]3(OC(C)=O)[C@H]2[C@H](OC(=O)c2ccccc2)[C@]2(O)C[C@H](OC(=O)[C@H](O)[C@H](NC(=O)c3ccccc3)c3ccccc3)C(C)=C1C2(C)C,67.05548858642578:[C5H5+H]+H+;69.03478240966797:[C4H5O]+;240.10107421875:[C15H14NO2]+;286.1070556640625:[C16H14NO4+H]+H+;509.21734619140625:[C29H34O8-H]+;510.2284851074219:[C29H34O8]+,BZYONMEFSA,RCINICONZNJXQF,68.42855482342735,67.05548858642578_15.9;69.03478240966797_16.7;240.10107421875_134.6;286.1070556640625_242.5;509.21734619140625_286.3;510.2284851074219_70.6,RCINICONZNJXQF-BZYONMEFSA-N,6,94
1.0,"InChI=1S/C47H51NO14/c1-25-31(60-43(56)36(52)35(28-16-10-7-11-17-28)48-41(54)29-18-12-8-13-19-29)23-47(57)40(61-42(55)30-20-14-9-15-21-30)38-45(6,32(51)22-33-46(38,24-58-33)62-27(3)50)39(53)37(59-26(2)49)34(25)44(47,4)5/h7-21,25,31-33,35-36,38,40,51-52,57H,22-24H2,1-6H3,(H,48,54)",1324.0;348.0;1056.0;820.0;720.0;460.0,2,853.3309553,554047,C47H51NO14,N,CC(=O)OC1=C2C(C)C(OC(=O)C(O)C(NC(=O)c3ccccc3)c3ccccc3)CC(O)(C(OC(=O)c3ccccc3)C3C4(OC(C)=O)COC4CC(O)C3(C)C1=O)C2(C)C,67.05548858642578:[C5H5+H]+H+;69.03478240966797:[C4H5O]+;240.10107421875:[C15H14NO2]+;286.1070556640625:[C16H14NO4+H]+H+;509.21734619140625:[C29H34O8-H]+;510.2284851074219:[C29H34O8]+,UHFFFAOYSA,NDUAXKHGCJIYEQ,68.42855482342735,67.05548858642578_15.9;69.03478240966797_16.7;240.10107421875_134.6;286.1070556640625_242.5;509.21734619140625_286.3;510.2284851074219_70.6,NDUAXKHGCJIYEQ-UHFFFAOYSA-N,6,94
