Score,InChI,FragmenterScore_Values,MaximumTreeDepth,MonoisotopicMass,Identifier,MolecularFormula,InChIKey3,SMILES,FormulasOfExplPeaks,InChIKey2,InChIKey1,FragmenterScore,ExplPeaks,InChIKey,NoExplPeaks,NumberPeaksUsed
1.0,"InChI=1S/C33H53NO8/c1-16-4-7-27-33(3,42-31-30(40)29(39)28(38)26(15-35)41-31)22-6-5-18-19(21(22)14-34(27)13-16)11-23-20(18)12-25(37)24-10-17(36)8-9-32(23,24)2/h16-24,26-31,35-36,38-40H,4-15H2,1-3H3",360.0;460.0,2,591.3771177,395108,C33H53NO8,N,CC1CCC2N(C1)CC1C3CC4C(CC(=O)C5CC(O)CCC54C)C3CCC1C2(C)OC1OC(CO)C(O)C(O)C1O,574.3728637695312:[C33H52NO7]+;576.3884887695312:[C33H52NO7+H]+H+,UHFFFAOYSA,XYVQVHAPKZLROE,270.5298233335857,574.3728637695312_999.0;576.3884887695312_30.7,XYVQVHAPKZLROE-UHFFFAOYSA-N,2,16
1.0,"InChI=1S/C33H53NO8/c1-16-4-7-27-33(3,40)22-6-5-18-19(21(22)14-34(27)13-16)11-23-20(18)12-25(36)24-10-17(8-9-32(23,24)2)41-31-30(39)29(38)28(37)26(15-35)42-31/h16-24,26-31,35,37-40H,4-15H2,1-3H3/t16-,17+,18-,19+,20+,21-,22+,23-,24+,26-,27+,28+,29-,30+,31+,32+,33-/m1/s1",360.0;460.0,2,591.3771177,550832,C33H53NO8,N,C[C@@H]1CC[C@@H]2N(C1)C[C@@H]1[C@H]3C[C@@H]4[C@@H](CC(=O)[C@@H]5C[C@@H](O[C@H]6O[C@H](CO)[C@H](O)[C@@H](O)[C@@H]6O)CC[C@@]45C)[C@@H]3CC[C@@H]1[C@@]2(C)O,574.3728637695312:[C33H52NO7]+;576.3884887695312:[C33H52NO7+H]+H+,AZEFVWPGSA,DHQFYEJMFMYGCV,270.5298233335857,574.3728637695312_999.0;576.3884887695312_30.7,DHQFYEJMFMYGCV-AZEFVWPGSA-N,2,16
