structureRankPerFormula	formulaRank	ConfidenceScore	CSI:FingerIDScore	molecularFormula	adduct	InChIkey2D	InChI	name	smiles	xlogp	pubchemids	links	dbflags
1	1	0.63582013942217	-46.42077141041868	C22H27ClO3	[M + H]+	DUSHUSLJJMDGTE	InChI=1S/C22H27ClO3/c1-11(24)22(26)7-5-14-12-9-18(23)17-10-19(25)13-8-16(13)21(17,3)15(12)4-6-20(14,22)2/h9-10,12-16,26H,4-8H2,1-3H3	Cyproteron	CC(=O)C1(CCC2C1(CCC3C2C=C(C4=CC(=O)C5CC5C34C)Cl)C)O	3.0999999	3015;16417;5702275;5284537;10044976;13361573;16757830;25749364;40477254;60109752;59695573;68132969;68133246;69823876;70844980;71315140;71315141;101917317;125463286;124916913;124916914;124338904;126963365;129360062;131704542;133687899;138402776	HMDB:(15587);SuperNatural:(SN00007270 SN00007272 SN00007269 SN00007271);ZINC bio:(ZINC04166201 ZINC04166226 ZINC04166251 ZINC04166272 ZINC12504523);additional;MeSH:(5284537);PubMed;NORMAN:(NS00003858);COCONUT:(CNP0113366);database;PubChem:(3015 16417 5702275 5284537 10044976 13361573 16757830 25749364 40477254 60109752 59695573 68132969 68133246 69823876 70844980 71315140 71315141 101917317 125463286 124916913 124916914 124338904 126963365 129360062 131704542 133687899 138402776);CHEBI:(50742);PubChem class - bio and metabolites;PubChem class - safety and toxic;PubChem class - drug	68840857710
2	1	N/A	-216.35313466694697	C22H27ClO3	[M + H]+	JMMOZGZYGBYHRY	InChI=1S/C22H27ClO3/c1-11(24)22(26)7-5-14-12-9-18(23)17-10-19(25)13-8-16(13)21(17,3)15(12)4-6-20(14,22)2/h9,13-16,26H,4-8,10H2,1-3H3	null	CC(=O)C1(O)CCC2C3=CC(Cl)=C4CC(=O)C5CC5C4(C)C3CCC21C	3.3016451496714874	""	""	0