structureRankPerFormula	formulaRank	ConfidenceScore	CSI:FingerIDScore	molecularFormula	adduct	InChIkey2D	InChI	name	smiles	xlogp	pubchemids	links	dbflags
1	1	0.2600955750593082	-11.869701440895668	C18H14Cl4N2O	[M + H]+	MPIPASJGOJYODL	InChI=1S/C18H14Cl4N2O/c19-12-4-5-13(17(22)8-12)18(9-24-7-6-23-11-24)25-10-14-15(20)2-1-3-16(14)21/h1-8,11,18H,9-10H2	Travogen	C1=CC(=C(C(=C1)Cl)COC(CN2C=CN=C2)C3=C(C=C(C=C3)Cl)Cl)Cl	5.82232189	3760;6604385;23640195;25273632;51375280;86290113;86290114	NORMAN:(NS00006034);COCONUT:(CNP0349226);database;PubChem:(3760 6604385 23640195 25273632 51375280 86290113 86290114);CHEBI:(83674 83666 83668 83673 83667);ZINC bio:(ZINC00607934 ZINC03872945);additional;MeSH:(3760);PubChem class - safety and toxic;Training Set;PubMed	68789493862
2	1	N/A	-12.452377609040706	C18H14Cl4N2O	[M + H]+	BYBLEWFAAKGYCD	InChI=1S/C18H14Cl4N2O/c19-13-2-1-12(16(21)7-13)10-25-18(9-24-6-5-23-11-24)15-4-3-14(20)8-17(15)22/h1-8,11,18H,9-10H2	Dactarin	C1=CC(=C(C=C1Cl)Cl)COC(CN2C=CN=C2)C3=C(C=C(C=C3)Cl)Cl	5.82232189	4189;1150344;969503;3390827;46782371;51375281;50919278	HMDB:(15242);SuperNatural:(SN00001672 SN00001791);ZINC bio:(ZINC00607971 ZINC00896740);additional;MeSH:(4189);Plantcyc:(CPD-4501);PubMed;NORMAN:(NS00004552);COCONUT:(CNP0194606);database;PubChem:(4189 1150344 969503 3390827 46782371 51375281 50919278);CHEBI:(82897 82894 82892);PubChem class - bio and metabolites;PubChem class - safety and toxic;PubChem class - drug;Biocyc:(CPD-4501)	68840990830