Score,InChI,FragmenterScore_Values,MaximumTreeDepth,MonoisotopicMass,Identifier,MolecularFormula,InChIKey3,SMILES,FormulasOfExplPeaks,InChIKey2,InChIKey1,FragmenterScore,ExplPeaks,InChIKey,NoExplPeaks,NumberPeaksUsed
1.0,"InChI=1S/C36H64O11/c1-22(13-15-27-35(7,42)19-17-25(45-27)33(3,4)41)11-9-10-12-23(2)14-16-28-36(8,43)20-18-26(46-28)34(5,6)47-32-31(40)30(39)29(38)24(21-37)44-32/h11-12,24-32,37-43H,9-10,13-21H2,1-8H3/b22-11+,23-12+",796.0;1268.0,2,672.4448629,543704,C36H64O11,N,C/C(=C\CC/C=C(\C)CCC1OC(C(C)(C)OC2OC(CO)C(O)C(O)C2O)CCC1(C)O)CCC1OC(C(C)(C)O)CCC1(C)O,107.0857315:[C8H12-H]+;533.3806763:[C32H55O6-2H]+,LCHFAGMQSA,DPYJSGIGESZKHU,26.435087737052765,107.0857315_41.6;533.3806763_112.6,DPYJSGIGESZKHU-LCHFAGMQSA-N,2,22
0.9652085097695614,"InChI=1S/C36H64O11/c1-31(2)23(39)10-12-33(5)22-15-19(38)25-18(36(8,45)14-11-24(40)32(3,4)44)9-13-34(25,6)35(22,7)16-20(29(31)33)46-30-28(43)27(42)26(41)21(17-37)47-30/h18-30,37-45H,9-17H2,1-8H3",1268.0,2,672.4448629,107987,C36H64O11,N,CC(C)(O)C(O)CCC(C)(O)C1CCC2(C)C1C(O)CC1C3(C)CCC(O)C(C)(C)C3C(OC3OC(CO)C(O)C(O)C3O)CC12C,533.3806763:[C32H55O6-2H]+,UHFFFAOYSA,NUGXFAXZOUMRFJ,25.515371640308306,533.3806763_112.6,NUGXFAXZOUMRFJ-UHFFFAOYSA-N,1,22
0.9652085097695614,"InChI=1S/C36H64O11/c1-31(2)21-9-13-34(6)22(33(21,5)14-11-24(31)46-30-28(42)27(41)26(40)20(18-37)45-30)17-19(38)29(34)35(7,44)15-10-23(39)36(8)16-12-25(47-36)32(3,4)43/h19-30,37-44H,9-18H2,1-8H3",1268.0,2,672.4448629,356900,C36H64O11,N,CC(C)(O)C1CCC(C)(C(O)CCC(C)(O)C2C(O)CC3C2(C)CCC2C(C)(C)C(OC4OC(CO)C(O)C(O)C4O)CCC23C)O1,533.3806763:[C32H55O6-2H]+,UHFFFAOYSA,KBWCXLKUIPNJBE,25.515371640308306,533.3806763_112.6,KBWCXLKUIPNJBE-UHFFFAOYSA-N,1,22
0.9652085097695614,"InChI=1S/C36H64O11/c1-31(2)21-9-13-34(6)22(33(21,5)14-11-24(31)46-30-28(42)27(41)26(40)20(18-37)45-30)17-19(38)29(34)36(8)16-12-25(47-36)35(7,44)15-10-23(39)32(3,4)43/h19-30,37-44H,9-18H2,1-8H3",1268.0,2,672.4448629,420170,C36H64O11,N,CC(C)(O)C(O)CCC(C)(O)C1CCC(C)(C2C(O)CC3C2(C)CCC2C(C)(C)C(OC4OC(CO)C(O)C(O)C4O)CCC23C)O1,533.3806763:[C32H55O6-2H]+,UHFFFAOYSA,JGBAZWUZJBIUPK,25.515371640308306,533.3806763_112.6,JGBAZWUZJBIUPK-UHFFFAOYSA-N,1,22
