Score,InChI,FragmenterScore_Values,MaximumTreeDepth,MonoisotopicMass,Identifier,MolecularFormula,InChIKey3,SMILES,FormulasOfExplPeaks,InChIKey2,InChIKey1,FragmenterScore,ExplPeaks,InChIKey,NoExplPeaks,NumberPeaksUsed
1.0,"InChI=1S/C14H16ClN3O/c1-11-5-3-6-12(2)14(11)18(13(19)9-15)10-17-8-4-7-16-17/h3-8H,9-10H2,1-2H3",305.0;1629.0;305.0;710.0;610.0;305.0,2,277.0981898,10243,C14H16ClN3O,N,Cc1cccc(C)c1N(Cn1cccn1)C(=O)CCl,76.9788:[C2H2ClO]+;77.0388:[C6H6-H]+;105.0698:[C8H9]+;132.0809:[C9H11N-H]+;134.0964:[C9H11N]+H+;210.068:[C11H13ClNO]+,UHFFFAOYSA,STEPQTYSZVCJPV,165.91796030328294,76.9788_12.5;77.0388_1.2;105.0698_9.3;132.0809_1.9;134.0964_999.0;210.068_473.5,STEPQTYSZVCJPV-UHFFFAOYSA-N,6,8
0.4699798897277951,"InChI=1S/C14H16ClN3O/c1-14(2,3)9-6-4-8(5-7-9)11-10(15)12(19)18-13(16)17-11/h4-7H,1-3H3,(H3,16,17,18,19)",696.0;1672.0;2341.0;2341.0;2141.0;1834.0,2,277.0981898,68237,C14H16ClN3O,N,CC(C)(C)c1ccc(-c2nc(N)[nH]c(=O)c2Cl)cc1,77.0388:[C6H4]+H+;105.0698:[C8H10-H]+;123.0803:[C6H6N3+2H]+H+;132.0809:[C9H12N-2H]+;134.0964:[C9H12N]+;210.068:[C11H12ClNO]+H+,UHFFFAOYSA,QJDDDSTYSDHVSB,77.9781046871976,77.0388_1.2;105.0698_9.3;123.0803_1.2;132.0809_1.9;134.0964_999.0;210.068_473.5,QJDDDSTYSDHVSB-UHFFFAOYSA-N,6,8
0.23992862219434494,"InChI=1S/C14H16ClN3O/c1-3-4-13-12(9-16-18(13)2)14(19)17-11-7-5-10(15)6-8-11/h5-9H,3-4H2,1-2H3,(H,17,19)",643.0;2549.0,2,277.0981898,345831,C14H16ClN3O,N,CCCc1c(C(=O)Nc2ccc(Cl)cc2)cnn1C,77.0388:[C6H4]+H+;210.068:[C11H11ClNO+H]+H+,UHFFFAOYSA,OLVMWPSLEPWWCC,39.80846761286269,77.0388_1.2;210.068_473.5,OLVMWPSLEPWWCC-UHFFFAOYSA-N,2,8
0.001349284986300104,"InChI=1S/C14H16ClN3O/c1-17-4-6-18(7-5-17)14(19)13-9-10-8-11(15)2-3-12(10)16-13/h2-3,8-9,16H,4-7H2,1H3",1663.0,2,277.0981898,51399,C14H16ClN3O,N,CN1CCN(C(=O)c2cc3cc(Cl)ccc3[nH]2)CC1,77.0388:[C6H3+H]+H+,UHFFFAOYSA,HUQJRYMLJBBEDO,0.2238706127947563,77.0388_1.2,HUQJRYMLJBBEDO-UHFFFAOYSA-N,1,8
