Score,InChI,FragmenterScore_Values,MaximumTreeDepth,MonoisotopicMass,Identifier,MolecularFormula,InChIKey3,SMILES,FormulasOfExplPeaks,InChIKey2,InChIKey1,FragmenterScore,ExplPeaks,InChIKey,NoExplPeaks,NumberPeaksUsed
1.0,"InChI=1S/C30H62O10/c1-2-3-4-5-6-7-8-9-10-11-13-32-15-17-34-19-21-36-23-25-38-27-29-40-30-28-39-26-24-37-22-20-35-18-16-33-14-12-31/h31H,2-30H2,1H3",796.0;348.0;360.0;696.0;796.0;348.0;696.0;796.0;348.0;796.0;360.0;460.0;796.0;348.0;820.0;460.0;796.0;348.0;696.0;348.0;796.0;360.0,2,582.4342982,8030,C30H62O10,N,CCCCCCCCCCCCOCCOCCOCCOCCOCCOCCOCCOCCOCCO,55.05441284:[C4H8-H]+;57.07006073:[C4H9]+;59.04933929:[C3H6O]+H+;69.06987762:[C5H10-H]+;71.08550262:[C5H11]+;73.06473541:[C4H8O]+H+;83.08543396:[C6H12-H]+;85.10112762:[C6H13]+;87.04403687:[C4H8O2-H]+;89.05962372:[C4H9O2]+;91.07531738:[C4H9O2+H]+H+;97.10125732:[C7H14-H]+;99.11668396:[C7H15]+;103.0389633:[C4H8O3-H]+;107.0701981:[C4H9O3+H]+H+;111.1166229:[C8H16-H]+;113.1322937:[C8H17]+;117.0908508:[C6H12O2]+H+;127.148056:[C9H19]+;131.0701752:[C6H12O3-H]+;133.0856934:[C6H13O3]+;177.1114502:[C8H17O4]+,UHFFFAOYSA,ONJQDTZCDSESIW,40.797035032417135,55.05441284_13.6;57.07006073_334.9;59.04933929_4.9;69.06987762_24.9;71.08550262_311.2;73.06473541_91.3;83.08543396_20.6;85.10112762_211.6;87.04403687_69.3;89.05962372_999.0;91.07531738_5.6;97.10125732_30.1;99.11668396_22.7;103.0389633_4.1;107.0701981_13.1;111.1166229_13.4;113.1322937_14.0;117.0908508_43.2;127.148056_5.6;131.0701752_12.2;133.0856934_335.0;177.1114502_47.5,ONJQDTZCDSESIW-UHFFFAOYSA-N,22,40
