Score,InChI,FragmenterScore_Values,MaximumTreeDepth,MonoisotopicMass,Identifier,MolecularFormula,InChIKey3,SMILES,FormulasOfExplPeaks,InChIKey2,InChIKey1,FragmenterScore,ExplPeaks,InChIKey,NoExplPeaks,NumberPeaksUsed
1.0,"InChI=1S/C14H31NO/c1-2-3-4-5-6-7-8-9-10-11-12-15-13-14-16/h15-16H,2-14H2,1H3",348.0;653.0;405.0;753.0;348.0;753.0;348.0;360.0;360.0,2,229.2405646,529834,C14H31NO,N,CCCCCCCCCCCCNCCO,57.0701:[C4H9]+;58.0653:[C3H7N]+H+;62.0602:[C2H6NO+H]+H+;69.07:[C5H10-H]+;71.0856:[C5H11]+;83.0855:[C6H12-H]+;85.1012:[C6H13]+;212.2373:[C14H30N]+;213.2447:[C14H30N]+H+,UHFFFAOYSA,HCYSJBICYOIBLS,91.77309758206681,57.0701_58.0;58.0653_999.0;62.0602_125.9;69.07_3.9;71.0856_37.4;83.0855_2.9;85.1012_14.0;212.2373_75.7;213.2447_3.7,HCYSJBICYOIBLS-UHFFFAOYSA-N,9,9
0.9713719588547051,"InChI=1S/C14H31NO/c1-3-4-5-6-7-8-9-10-11-12-14(16)13(2)15/h13-14,16H,3-12,15H2,1-2H3",348.0;708.0;896.0;796.0;348.0;796.0;348.0;360.0;360.0,2,229.2405646,376431,C14H31NO,N,CCCCCCCCCCCC(O)C(C)N,57.0701:[C4H9]+;58.0653:[C3H7N]+H+;62.0602:[C2H5NO+2H]+H+;69.07:[C5H10-H]+;71.0856:[C5H11]+;83.0855:[C6H12-H]+;85.1012:[C6H13]+;212.2373:[C14H30N]+;213.2447:[C14H30N]+H+,UHFFFAOYSA,WMUMHAZHWIUBPN,89.14581356845623,57.0701_58.0;58.0653_999.0;62.0602_125.9;69.07_3.9;71.0856_37.4;83.0855_2.9;85.1012_14.0;212.2373_75.7;213.2447_3.7,WMUMHAZHWIUBPN-UHFFFAOYSA-N,9,9
0.809261540013789,"InChI=1S/C14H31NO/c1-4-5-6-7-8-9-10-11-12-13-14-15(2,3)16/h4-14H2,1-3H3",348.0;955.0;405.0;753.0;348.0;753.0;348.0;707.0;607.0,2,229.2405646,8872,C14H31NO,N,CCCCCCCCCCCC[N+](C)(C)[O-],57.0701:[C4H9]+;58.0653:[C3H8N]+;62.0602:[C2H6NO+H]+H+;69.07:[C5H10-H]+;71.0856:[C5H11]+;83.0855:[C6H12-H]+;85.1012:[C6H13]+;212.2373:[C14H31N-H]+;213.2447:[C14H31N]+,UHFFFAOYSA,SYELZBGXAIXKHU,74.26843828109912,57.0701_58.0;58.0653_999.0;62.0602_125.9;69.07_3.9;71.0856_37.4;83.0855_2.9;85.1012_14.0;212.2373_75.7;213.2447_3.7,SYELZBGXAIXKHU-UHFFFAOYSA-N,9,9
