Score,InChI,FragmenterScore_Values,MaximumTreeDepth,MonoisotopicMass,Identifier,MolecularFormula,InChIKey3,SMILES,FormulasOfExplPeaks,InChIKey2,InChIKey1,FragmenterScore,ExplPeaks,InChIKey,NoExplPeaks,NumberPeaksUsed
1.0,"InChI=1S/C9H9NOS2/c1-2-11-6-3-4-7-8(5-6)13-9(12)10-7/h3-5H,2H2,1H3,(H,10,12)",1746.0;1496.0;1646.0;1746.0;1746.0;632.0;732.0;832.0;1324.0;2649.0;272.0;372.0;360.0;460.0,2,211.0125559,347444,C9H9NOS2,N,CCOc1ccc2nc(S)sc2c1,108.0444:[C6H3NO+2H]+H+;122.006:[C6H3NS]+H+;125.0056:[C6H3OS+H]+H+;126.0135:[C6H3OS+2H]+H+;140.0165:[C6H3NOS+2H]+H+;150.0009:[C7H3NOS]+H+;151.0087:[C7H3NOS+H]+H+;152.0165:[C7H3NOS+2H]+H+;155.9937:[C6H4NS2+H]+H+;156.9776:[C6H7OS2-2H]+;179.04:[C9H8NOS]+H+;180.0478:[C9H8NOS+H]+H+;182.9809:[C7H4NOS2]+H+;183.9887:[C7H4NOS2+H]+H+,UHFFFAOYSA,HOASVNMVYBSLSU,324.8351235073232,108.0444_28.6;122.006_2.8;125.0056_11.9;126.0135_14.1;140.0165_17.5;150.0009_38.6;151.0087_212.6;152.0165_30.0;155.9937_2.8;156.9776_2.4;179.04_28.5;180.0478_5.0;182.9809_26.4;183.9887_999.0,HOASVNMVYBSLSU-UHFFFAOYSA-N,14,14
0.5114065256087886,"InChI=1S/C9H9NOS2/c11-5-6-12-9-10-7-3-1-2-4-8(7)13-9/h1-4,11H,5-6H2",1186.0;1897.0;2570.0;2470.0;1584.0;2550.0;1146.0;1146.0;1324.0,2,211.0125559,509698,C9H9NOS2,N,OCCSc1nc2ccccc2s1,122.006:[C6H4NS]+;140.0165:[C6H7NOS-H]+;151.0087:[C7H7NOS-2H]+;152.0165:[C7H7NOS-H]+;155.9937:[C6H5NS2]+H+;156.9776:[C6H6OS2-H]+;179.04:[C9H9NOS]+;180.0478:[C9H9NOS]+H+;183.9887:[C7H7NOS2-H]+,UHFFFAOYSA,PYNOHHMFQYUSDD,166.1228019085819,122.006_2.8;140.0165_17.5;151.0087_212.6;152.0165_30.0;155.9937_2.8;156.9776_2.4;179.04_28.5;180.0478_5.0;183.9887_999.0,PYNOHHMFQYUSDD-UHFFFAOYSA-N,9,14
