Score,InChI,FragmenterScore_Values,MaximumTreeDepth,MonoisotopicMass,Identifier,MolecularFormula,InChIKey3,SMILES,FormulasOfExplPeaks,InChIKey2,InChIKey1,FragmenterScore,ExplPeaks,InChIKey,NoExplPeaks,NumberPeaksUsed
1.0,"InChI=1S/C20H22N8O6/c1-28(8-12-18(32)26-16-14(23-12)15(21)25-20(22)27-16)10-4-2-9(3-5-10)17(31)24-11(19(33)34)6-7-13(29)30/h2-5,11H,6-8H2,1H3,(H,24,31)(H,29,30)(H,33,34)(H5,21,22,25,26,27,32)/t11-/m0/s1",610.0;810.0;1115.0;610.0;753.0;653.0;405.0;305.0;653.0;653.0;853.0;305.0;1265.0;348.0;405.0,2,470.1662304,170946,C20H22N8O6,N,CN(Cc1nc2c(N)[nH]c(=N)[nH]c-2nc1=O)c1ccc(C(=O)N[C@@H](CCC(=O)O)C(=O)O)cc1,120.045:[C7H5NO]+H+;146.0472:[C8H8N2O-2H]+;147.0314:[C6H5N4O-2H]+;149.0724:[C8H8N2O]+H+;161.0722:[C9H10N2O-H]+;162.0423:[C6H3N5O]+H+;190.0609:[C7H7N6O-H]+;191.0683:[C7H7N6O]+;234.1017:[C12H14N2O3]+;235.1093:[C12H14N2O3]+H+;278.0926:[C14H12N6O-2H]+;279.0988:[C13H15N2O5]+;340.1165:[C17H16N4O4]+;425.1694:[C19H21N8O4]+;456.1617:[C20H20N7O6+H]+H+,NSHDSACASA,HODZDDDNGRLGSI,429.00027220693994,120.045_94.4;146.0472_241.1;147.0314_286.6;149.0724_81.0;161.0722_211.6;162.0423_120.2;190.0609_717.1;191.0683_52.0;234.1017_169.0;235.1093_269.7;278.0926_55.9;279.0988_345.6;340.1165_999.0;425.1694_280.2;456.1617_63.0,HODZDDDNGRLGSI-NSHDSACASA-N,15,21
