Score,InChI,FragmenterScore_Values,MaximumTreeDepth,MonoisotopicMass,Identifier,MolecularFormula,InChIKey3,SMILES,FormulasOfExplPeaks,InChIKey2,InChIKey1,FragmenterScore,ExplPeaks,InChIKey,NoExplPeaks,NumberPeaksUsed
1.0,"InChI=1S/C44H75NO15/c1-22(10-13-28(49)44(9)19-16-30(58-44)41(5,6)59-38-32(45-23(2)48)35(52)33(50)25(20-46)55-38)24-11-12-27-42(24,7)17-15-31-43(27,8)18-14-29(57-31)40(3,4)60-39-37(54)36(53)34(51)26(21-47)56-39/h24-39,46-47,49-54H,1,10-21H2,2-9H3,(H,45,48)/t24?,25-,26-,27?,28?,29?,30?,31?,32+,33-,34-,35-,36+,37+,38+,39+,42?,43?,44?/m1/s1",820.0;1201.0;1256.0;796.0;360.0;796.0;360.0;1256.0;1256.0;808.0;1268.0;1256.0,2,857.5136707,543691,C44H75NO15,N,C=C(CCC(O)C1(C)CCC(C(C)(C)O[C@@H]2O[C@H](CO)[C@@H](O)[C@H](O)[C@@H]2NC(C)=O)O1)C1CCC2C3(C)CCC(C(C)(C)O[C@@H]4O[C@H](CO)[C@@H](O)[C@H](O)[C@@H]4O)OC3CCC12C,71.01249695:[C3H5O2-2H]+;85.02798462:[C4H7O2-2H]+;89.02292633:[C3H6O3-H]+;100.0389786:[C4H7NO2-H]+;101.0230789:[C4H7O3-2H]+;112.0389404:[C5H8NO2-2H]+;119.0334854:[C4H8O4-H]+;128.0343475:[C5H8NO3-2H]+;142.0495911:[C6H10NO3-2H]+;202.0710907:[C8H13NO5-H]+;653.4298706:[C36H61O10]+;694.4537964:[C38H64NO10]+,HSSGIFNESA,LRHHFHPQWVDGIQ,96.37902753799146,71.01249695_236.0;85.02798462_31.2;89.02292633_254.8;100.0389786_876.6;101.0230789_449.7;112.0389404_999.0;119.0334854_313.5;128.0343475_217.1;142.0495911_150.6;202.0710907_958.8;653.4298706_34.6;694.4537964_109.1,LRHHFHPQWVDGIQ-HSSGIFNESA-N,12,26
