Score,InChI,FragmenterScore_Values,MaximumTreeDepth,MonoisotopicMass,Identifier,MolecularFormula,InChIKey3,SMILES,FormulasOfExplPeaks,InChIKey2,InChIKey1,FragmenterScore,ExplPeaks,InChIKey,NoExplPeaks,NumberPeaksUsed
1.0,"InChI=1S/C22H24ClN5O2/c23-15-6-7-20-18(14-15)25-22(30)28(20)16-8-12-26(13-9-16)10-3-11-27-19-5-2-1-4-17(19)24-21(27)29/h1-2,4-7,14,16H,3,8-13H2,(H,24,29)(H,25,30)",610.0;653.0;865.0;710.0;305.0;348.0;1091.0;305.0;753.0;710.0;405.0;743.0;305.0;305.0,2,425.1618527,7309,C22H24ClN5O2,N,O=c1[nH]c2ccccc2n1CCCN1CCC(n2c(=O)[nH]c3cc(Cl)ccc32)CC1,84.0808:[C5H9N]+H+;98.0965:[C6H11N]+H+;119.0604:[C7H4N2+2H]+H+;124.1121:[C8H15N-H]+;134.0474:[C7H5N2O]+H+;147.0552:[C8H7N2O]+;172.063:[C10H9N2O-H]+;175.0866:[C10H11N2O]+;207.032:[C10H9ClN2O-H]+;235.0634:[C12H13ClN2O-H]+;252.0898:[C12H13ClN3O+H]+H+;256.1447:[C15H19N3O-H]+;258.1601:[C15H20N3O]+;292.1215:[C15H19ClN3O]+,UHFFFAOYSA,FGXWKSZFVQUSTL,112.76808466983482,84.0808_4.8;98.0965_3.9;119.0604_78.8;124.1121_3.0;134.0474_2.6;147.0552_643.2;172.063_2.0;175.0866_999.0;207.032_5.6;235.0634_9.3;252.0898_12.2;256.1447_2.0;258.1601_4.1;292.1215_2.5,FGXWKSZFVQUSTL-UHFFFAOYSA-N,14,14
