Score,InChI,FragmenterScore_Values,MaximumTreeDepth,MonoisotopicMass,Identifier,MolecularFormula,InChIKey3,SMILES,FormulasOfExplPeaks,InChIKey2,InChIKey1,FragmenterScore,ExplPeaks,InChIKey,NoExplPeaks,NumberPeaksUsed
1.0,"InChI=1S/C29H43NO4S/c1-17(2)22-14-25(20(7)8)27(26(15-22)21(9)10)16-28(31)30-35(32,33)34-29-23(18(3)4)12-11-13-24(29)19(5)6/h11-15,17-21H,16H2,1-10H3,(H,30,31)",1672.0;1772.0;1672.0;1672.0;1772.0;1572.0;708.0;1672.0;908.0;1672.0;696.0;708.0;360.0;696.0;696.0;348.0,2,501.2912799,75469,C29H43NO4S,N,CC(C)c1cc(C(C)C)c(CC(=O)NS(=O)(=O)Oc2c(C(C)C)cccc2C(C)C)c(C(C)C)c1,65.03878784:[C5H6-H]+;91.05416107:[C7H9-2H]+;95.04902649:[C6H8O-H]+;105.0698318:[C8H10-H]+;107.0490875:[C7H9O-2H]+;107.0854034:[C8H10]+H+;119.08535:[C9H10]+H+;121.0647278:[C8H10O-H]+;121.100563:[C9H10+2H]+H+;133.1010742:[C10H14-H]+;135.0802155:[C9H10O]+H+;147.1157379:[C11H14]+H+;161.1313171:[C12H17]+;175.1474304:[C13H18]+H+;189.1629181:[C14H20]+H+;217.1953735:[C16H25]+,UHFFFAOYSA,PTQXTEKSNBVPQJ,81.04415185072776,65.03878784_18.6;91.05416107_575.0;95.04902649_23.0;105.0698318_211.2;107.0490875_465.5;107.0854034_66.6;119.08535_93.2;121.0647278_124.3;121.100563_16.1;133.1010742_999.0;135.0802155_411.4;147.1157379_24.3;161.1313171_26.9;175.1474304_77.7;189.1629181_20.0;217.1953735_250.2,PTQXTEKSNBVPQJ-UHFFFAOYSA-N,16,30
