Score,InChI,FragmenterScore_Values,MaximumTreeDepth,MonoisotopicMass,Identifier,MolecularFormula,InChIKey3,SMILES,FormulasOfExplPeaks,InChIKey2,InChIKey1,FragmenterScore,ExplPeaks,InChIKey,NoExplPeaks,NumberPeaksUsed
1.0,"InChI=1S/C14H15ClO6/c1-6(16)2-7(17)3-8-4-9-12(14(20)21-8)10(18)5-11(19)13(9)15/h4-7,16-19H,2-3H2,1H3",448.0;348.0;786.0;2132.0;1256.0;1056.0;686.0;686.0,2,314.0557159,543109,C14H15ClO6,N,CC(O)CC(O)Cc1cc2c(Cl)c(O)cc(O)c2c(=O)o1,171.9546509:[C6H3ClO4-2H]+;178.9889679:[C9H6ClO2-2H]+;181.004715:[C9H6ClO2]+;190.0263367:[C10H6O4]+;191.0338745:[C10H6O4]+H+;223.9873352:[C10H6ClO4-H]+;224.9951782:[C10H6ClO4]+;233.0454254:[C12H10O5-H]+,UHFFFAOYSA,YDFWTYLPMZZSLA,185.38399060203272,171.9546509_1.2;178.9889679_1.4;181.004715_6.9;190.0263367_1.9;191.0338745_2.6;223.9873352_107.7;224.9951782_999.0;233.0454254_1.7,YDFWTYLPMZZSLA-UHFFFAOYSA-N,8,25
0.5722235445188726,"InChI=1S/C14H15ClO6/c1-6(16)13(19)10(15)5-9-3-7-2-8(17)4-11(18)12(7)14(20)21-9/h2-4,6,10,13,16-19H,5H2,1H3",1508.0;1408.0;786.0;708.0;448.0;348.0,2,314.0557159,543145,C14H15ClO6,N,CC(O)C(O)C(Cl)Cc1cc2cc(O)cc(O)c2c(=O)o1,161.0233459:[C9H4O3]+H+;190.0263367:[C10H7O4-H]+;191.0338745:[C10H7O4]+;223.9873352:[C10H7ClO4-2H]+;224.9951782:[C10H7ClO4-H]+;233.0454254:[C12H10O5-H]+,UHFFFAOYSA,DEGAEGGFINXVTE,106.08108419934854,161.0233459_26.9;190.0263367_1.9;191.0338745_2.6;223.9873352_107.7;224.9951782_999.0;233.0454254_1.7,DEGAEGGFINXVTE-UHFFFAOYSA-N,6,25
