Score,InChI,FragmenterScore_Values,MaximumTreeDepth,MonoisotopicMass,Identifier,MolecularFormula,InChIKey3,SMILES,FormulasOfExplPeaks,InChIKey2,InChIKey1,FragmenterScore,ExplPeaks,InChIKey,NoExplPeaks,NumberPeaksUsed
1.0,"InChI=1S/C12H14N4O4S/c1-19-10-11(14-7-15-12(10)20-2)16-21(17,18)9-5-3-8(13)4-6-9/h3-7H,13H2,1-2H3,(H,14,15,16)",1696.0;348.0;2449.0,2,310.0735759,10676,C12H14N4O4S,N,COc1ncnc(NS(=O)(=O)c2ccc(N)cc2)c1OC,67.0554:[C5H4+2H]+H+;154.0621:[C6H8N3O2]+;185.0132:[C7H7NO3S]+,UHFFFAOYSA,PJSFRIWCGOHTNF,114.9369272122317,67.0554_749.2;154.0621_998.2;185.0132_864.5,PJSFRIWCGOHTNF-UHFFFAOYSA-N,3,5
0.9999383768869982,"InChI=1S/C12H14N4O4S/c1-19-11-7-10(14-12(15-11)20-2)16-21(17,18)9-5-3-8(13)4-6-9/h3-7H,13H2,1-2H3,(H,14,15,16)",1696.0;348.0;2450.0,2,310.0735759,12840,C12H14N4O4S,N,COc1cc(NS(=O)(=O)c2ccc(N)cc2)nc(OC)n1,67.0554:[C5H4+2H]+H+;154.0621:[C6H8N3O2]+;185.0132:[C7H7NO3S]+,UHFFFAOYSA,ZZORFUFYDOWNEF,114.92984444097802,67.0554_749.2;154.0621_998.2;185.0132_864.5,ZZORFUFYDOWNEF-UHFFFAOYSA-N,3,5
0.9999383768869982,"InChI=1S/C12H14N4O4S/c1-19-10-7-11(20-2)15-12(14-10)16-21(17,18)9-5-3-8(13)4-6-9/h3-7H,13H2,1-2H3,(H,14,15,16)",1696.0;348.0;2450.0,2,310.0735759,78931,C12H14N4O4S,N,COc1cc(OC)nc(NS(=O)(=O)c2ccc(N)cc2)n1,67.0554:[C5H4+2H]+H+;154.0621:[C6H8N3O2]+;185.0132:[C5H5N4O2S]+,UHFFFAOYSA,RMSFTZDTJHYIFE,114.92984444097802,67.0554_749.2;154.0621_998.2;185.0132_864.5,RMSFTZDTJHYIFE-UHFFFAOYSA-N,3,5
