Score,InChI,FragmenterScore_Values,MaximumTreeDepth,MonoisotopicMass,Identifier,MolecularFormula,InChIKey3,SMILES,FormulasOfExplPeaks,InChIKey2,InChIKey1,FragmenterScore,ExplPeaks,InChIKey,NoExplPeaks,NumberPeaksUsed
1.0,"InChI=1S/C20H21ClO4/c1-13(2)24-19(23)20(3,4)25-17-11-7-15(8-12-17)18(22)14-5-9-16(21)10-6-14/h5-13H,1-4H3",360.0;1562.0;786.0;1224.0;348.0;708.0;348.0;1584.0;708.0;1772.0;348.0;460.0;348.0;460.0,2,360.1128368,9923,C20H21ClO4,N,CC(C)OC(=O)C(C)(C)Oc1ccc(C(=O)c2ccc(Cl)cc2)cc1,59.0493:[C3H7O]+;65.0387:[C5H4]+H+;75.0231:[C6H4-H]+;86.9996:[C4H3Cl]+H+;87.044:[C4H7O2]+;93.0333:[C6H4O]+H+;110.9993:[C6H4Cl]+;111.0441:[C6H7O2]+;121.0284:[C7H4O2]+H+;129.0102:[C6H3ClO+2H]+H+;138.9945:[C7H4ClO]+;233.0364:[C13H8ClO2+H]+H+;273.0676:[C16H14ClO2]+;319.073:[C17H14ClO4+H]+H+,UHFFFAOYSA,YMTINGFKWWXKFG,168.0500996441244,59.0493_6.6;65.0387_4.3;75.0231_1.7;86.9996_4.2;87.044_6.8;93.0333_3.0;110.9993_5.7;111.0441_7.4;121.0284_456.3;129.0102_12.9;138.9945_999.0;233.0364_735.4;273.0676_5.1;319.073_5.2,YMTINGFKWWXKFG-UHFFFAOYSA-N,14,14
