Score,InChI,FragmenterScore_Values,MaximumTreeDepth,MonoisotopicMass,Identifier,MolecularFormula,InChIKey3,SMILES,FormulasOfExplPeaks,InChIKey2,InChIKey1,FragmenterScore,ExplPeaks,InChIKey,NoExplPeaks,NumberPeaksUsed
1.0,"InChI=1S/C14H10N2O3S/c1-19-14(18)11-7-20-13(16-11)12(17)9-6-15-10-5-3-2-4-8(9)10/h2-7,15H,1H3",1936.0;2549.0;1936.0;796.0;1573.0;696.0;348.0;1186.0;448.0;448.0;348.0;348.0;360.0;460.0,2,286.0412132,51402,C14H10N2O3S,N,COC(=O)c1csc(C(=O)c2c[nH]c3ccccc23)n1,50.01617813:[C4H3-H]+;62.01612854:[C5H3-H]+;63.02384567:[C5H4-H]+;84.99887848:[C3HNS+H]+H+;89.03954315:[C7H4]+H+;111.9850235:[C4HNOS]+H+;116.0489731:[C8H6N]+;129.995575:[C4H4NO2S]+;143.037384:[C9H6NO-H]+;144.0115204:[C5H4NO2S+H]+H+;144.0440826:[C9H6NO]+;227.027832:[C12H7N2OS]+;255.0222778:[C13H7N2O2S]+;273.0324097:[C13H7N2O3S+H]+H+,UHFFFAOYSA,KDDXOGDIPZSCTM,185.71869342098975,50.01617813_0.4;62.01612854_0.5;63.02384567_0.4;84.99887848_1.3;89.03954315_2.0;111.9850235_78.1;116.0489731_2.5;129.995575_137.2;143.037384_0.6;144.0115204_269.2;144.0440826_999.0;227.027832_0.6;255.0222778_3.8;273.0324097_90.6,KDDXOGDIPZSCTM-UHFFFAOYSA-N,14,32
0.31387207824381885,"InChI=1S/C14H10N2O3S/c17-16(18)11-7-5-10(6-8-11)9-20-14-15-12-3-1-2-4-13(12)19-14/h1-8H,9H2",1629.0;1729.0;1629.0;1596.0;2580.0;677.0;1496.0;2031.0;1224.0,2,286.0412132,541649,C14H10N2O3S,N,O=[N+]([O-])c1ccc(CSc2nc3ccccc3o2)cc1,50.01617813:[C4H3-H]+;62.01612854:[C5H4-2H]+;63.02384567:[C5H4-H]+;84.99887848:[C3H2NS]+H+;89.03954315:[C7H6-H]+;111.9850235:[C4HNOS]+H+;144.0115204:[C5H4NO2S+H]+H+;255.0222778:[C13H9N2O2S-2H]+;273.0324097:[C13H9N2O3S]+,UHFFFAOYSA,OWRFFBWURVTRDI,58.291912272772706,50.01617813_0.4;62.01612854_0.5;63.02384567_0.4;84.99887848_1.3;89.03954315_2.0;111.9850235_78.1;144.0115204_269.2;255.0222778_3.8;273.0324097_90.6,OWRFFBWURVTRDI-UHFFFAOYSA-N,9,32
