Score,InChI,FragmenterScore_Values,MaximumTreeDepth,MonoisotopicMass,Identifier,MolecularFormula,InChIKey3,SMILES,FormulasOfExplPeaks,InChIKey2,InChIKey1,FragmenterScore,ExplPeaks,InChIKey,NoExplPeaks,NumberPeaksUsed
1.0,"InChI=1S/C8H10NO5PS/c1-12-15(16,13-2)14-8-5-3-7(4-6-8)9(10)11/h3-6H,1-2H3",640.0;640.0;840.0;1067.0;770.0;695.0;360.0;335.0;460.0;335.0;360.0;460.0,2,263.0017301,15180,C8H10NO5PS,N,COP(=S)(OC)Oc1ccc([N+](=O)[O-])cc1,92.0257:[C6H4O]+;95.0494:[C6H4O+2H]+H+;108.0444:[C6H4NO+H]+H+;123.0317:[C6H4NO2]+H+;124.9822:[C2H6O2PS]+;141.9849:[C2H6O3PS]+H+;142.9927:[C2H6O3PS+H]+H+;185.9899:[C7H7O2PS]+;199.9569:[C6H4NO3PS-H]+;217.9672:[C6H4NO4PS]+H+;231.9831:[C7H7NO4PS]+;249.9936:[C7H7NO5PS+H]+H+,UHFFFAOYSA,RLBIQVVOMOPOHC,413.6672223354271,92.0257_25.8;95.0494_16.3;108.0444_90.7;123.0317_144.3;124.9822_178.4;141.9849_23.7;142.9927_999.0;185.9899_61.2;199.9569_65.8;217.9672_33.6;231.9831_27.3;249.9936_843.5,RLBIQVVOMOPOHC-UHFFFAOYSA-N,12,24
0.7906054452772571,"InChI=1S/C8H10NO5PS/c1-5-8(11)7(3-10)6(2-9-5)4-16-15(12,13)14/h2-3,11H,4H2,1H3,(H2,12,13,14)",696.0;796.0;620.0;796.0;683.0;448.0;720.0;1759.0;1772.0,2,263.0017301,46198,C8H10NO5PS,N,Cc1ncc(CSP(=O)(O)O)c(C=O)c1O,108.0444:[C6H5NO]+H+;122.0601:[C7H7NO]+H+;123.0317:[C6H3NO2+H]+H+;123.0679:[C7H7NO+H]+H+;124.9822:[C2H3O2PS+2H]+H+;139.009:[C6H7NOS-2H]+;217.9672:[C6H6NO4PS-H]+;231.9831:[C7H6NO4PS]+H+;249.9936:[C7H7NO5PS+H]+H+,UHFFFAOYSA,PWZWEYHZSGMECA,327.04755851110644,108.0444_90.7;122.0601_790.8;123.0317_144.3;123.0679_262.5;124.9822_178.4;139.009_32.3;217.9672_33.6;231.9831_27.3;249.9936_843.5,PWZWEYHZSGMECA-UHFFFAOYSA-N,9,24
