Score,InChI,FragmenterScore_Values,MaximumTreeDepth,MonoisotopicMass,Identifier,MolecularFormula,InChIKey3,SMILES,FormulasOfExplPeaks,InChIKey2,InChIKey1,FragmenterScore,ExplPeaks,InChIKey,NoExplPeaks,NumberPeaksUsed
1.0,"InChI=1S/C7H6N4/c1-2-4-6(5-3-1)7-8-10-11-9-7/h1-5H,(H,8,9,10,11)",1224.0;1224.0;348.0;1226.0;1326.0;2346.0;2142.0;1022.0;918.0,2,146.0592462,75768,C7H6N4,N,c1ccc(-c2nn[nH]n2)cc1,65.0386:[C5H5]+;66.0464:[C5H5]+H+;77.0384:[C6H5]+;90.0464:[C7H5]+H+;91.0542:[C7H5+H]+H+;92.0492:[C6H4N+H]+H+;95.0489:[C4H3N3+H]+H+;104.0494:[C7H5N]+H+;119.0603:[C7H5N2+H]+H+,UHFFFAOYSA,MARUHZGHZWCEQU,106.17409842913135,65.0386_1.4;66.0464_1.7;77.0384_3.3;90.0464_2.4;91.0542_8.8;92.0492_1.1;95.0489_1.9;104.0494_999.0;119.0603_18.2,MARUHZGHZWCEQU-UHFFFAOYSA-N,9,9
0.9086312169320017,"InChI=1S/C7H6N4/c8-7-9-5-3-1-2-4-6(5)10-11-7/h1-4H,(H2,8,9,11)",1529.0;1629.0;610.0;610.0;1629.0;1223.0;610.0,2,146.0592462,91919,C7H6N4,N,Nc1nnc2ccccc2n1,65.0386:[C5H4]+H+;66.0464:[C5H4+H]+H+;77.0384:[C6H4]+H+;92.0492:[C6H5N]+H+;95.0489:[C4H3N3+H]+H+;104.0494:[C7H5N]+H+;119.0603:[C7H6N2]+H+,UHFFFAOYSA,BHHRGAKNBXQGIO,96.47310026231975,65.0386_1.4;66.0464_1.7;77.0384_3.3;92.0492_1.1;95.0489_1.9;104.0494_999.0;119.0603_18.2,BHHRGAKNBXQGIO-UHFFFAOYSA-N,7,9
0.9049522327210134,"InChI=1S/C7H6N4/c1-2-6(4-8-3-1)7-5-9-11-10-7/h1-5H,(H,9,10,11)",1574.0;1674.0;2451.0;2452.0;2552.0;1325.0;1324.0;1226.0;1022.0,2,146.0592462,85496,C7H6N4,N,c1cncc(-c2cn[nH]n2)c1,65.0386:[C5H4]+H+;66.0464:[C5H4+H]+H+;77.0384:[C6H4]+H+;90.0464:[C7H5]+H+;91.0542:[C7H5+H]+H+;92.0492:[C6H4N+H]+H+;95.0489:[C4H3N3+H]+H+;104.0494:[C7H5N]+H+;119.0603:[C7H6N2]+H+,UHFFFAOYSA,VYXFEFOIYPNBFK,96.08248743058306,65.0386_1.4;66.0464_1.7;77.0384_3.3;90.0464_2.4;91.0542_8.8;92.0492_1.1;95.0489_1.9;104.0494_999.0;119.0603_18.2,VYXFEFOIYPNBFK-UHFFFAOYSA-N,9,9
