Score,InChI,FragmenterScore_Values,MaximumTreeDepth,MonoisotopicMass,Identifier,MolecularFormula,InChIKey3,SMILES,FormulasOfExplPeaks,InChIKey2,InChIKey1,FragmenterScore,ExplPeaks,InChIKey,NoExplPeaks,NumberPeaksUsed
1.0,"InChI=1S/C12H19N5O3/c1-15-8-9(14-11(15)13-6-5-7-20-4)16(2)12(19)17(3)10(8)18/h5-7H2,1-4H3,(H,13,14)",865.0;448.0;1248.0;710.0;405.0;1170.0;610.0;753.0;1158.0;753.0;1553.0;405.0;305.0;753.0;348.0;710.0,2,281.1487895,69910,C12H19N5O3,N,COCCCNc1nc2c(c(=O)n(C)c(=O)n2C)n1C,191.0918274:[C9H13N4O-2H]+;194.0673218:[C7H7N5O2]+H+;195.124115:[C9H16N4O-H]+;205.0735931:[C9H11N4O2-2H]+;206.0673981:[C8H9N5O2-H]+;206.1144714:[C10H16N4O-2H]+;207.0753326:[C8H10N5O2-H]+;208.0830688:[C8H10N5O2]+;220.0831757:[C9H11N5O2-H]+;222.0985413:[C9H12N5O2]+;223.1195831:[C10H16N4O2-H]+;233.0905762:[C10H13N5O2-2H]+;235.1066132:[C10H14N5O2-H]+;248.1141968:[C11H16N5O2-2H]+;250.0934448:[C10H13N5O3-H]+;265.1176147:[C11H16N5O3-H]+,UHFFFAOYSA,ZZQHGKMTMAORFI,412.10098817745313,191.0918274_2.7;194.0673218_101.0;195.124115_27.7;205.0735931_26.3;206.0673981_999.0;206.1144714_11.2;207.0753326_3.7;208.0830688_119.2;220.0831757_71.5;222.0985413_3.5;223.1195831_3.7;233.0905762_8.4;235.1066132_18.0;248.1141968_31.7;250.0934448_20.6;265.1176147_352.7,ZZQHGKMTMAORFI-UHFFFAOYSA-N,16,38
