Score,InChI,FragmenterScore_Values,MaximumTreeDepth,MonoisotopicMass,Identifier,MolecularFormula,InChIKey3,SMILES,FormulasOfExplPeaks,InChIKey2,InChIKey1,FragmenterScore,ExplPeaks,InChIKey,NoExplPeaks,NumberPeaksUsed
1.0,"InChI=1S/C14H15BrClNO6/c15-5-1-2-6-9(10(5)16)7(3-17-6)22-14-13(21)12(20)11(19)8(4-18)23-14/h1-3,8,11-14,17-21H,4H2",696.0;808.0;1268.0;696.0;1784.0;1500.0;1600.0;636.0;2132.0;736.0;1932.0;460.0;708.0;1068.0;2133.0,2,406.977127,66677,C14H15BrClNO6,N,OCC1OC(Oc2c[nH]c3ccc(Br)c(Cl)c23)C(O)C(O)C1O,61.02859116:[C2H4O2]+H+;73.02839661:[C3H6O2-H]+;85.02839661:[C4H7O2-2H]+;91.03910828:[C3H6O3]+H+;96.04415894:[C5H3NO+2H]+H+;138.0108032:[C7H4ClN]+H+;139.0186005:[C7H4ClN+H]+H+;166.0055847:[C8H4ClNO]+H+;166.9785919:[C7H4ClNO2-2H]+;167.0130615:[C8H4ClNO+H]+H+;167.0576172:[C8H8NO3]+H+;245.9311371:[C8H4BrClNO+H]+H+;257.9324646:[C9H5BrClNO]+H+;270.9388123:[C10H6BrClNO]+H+;307.9456177:[C10H7BrClO4+2H]+H+,UHFFFAOYSA,OPIFSICVWOWJMJ,74.00488135526776,61.02859116_143.1;73.02839661_40.2;85.02839661_95.4;91.03910828_25.5;96.04415894_6.1;138.0108032_16.2;139.0186005_15.8;166.0055847_4.3;166.9785919_9.5;167.0130615_999.0;167.0576172_3.7;245.9311371_62.5;257.9324646_3.0;270.9388123_3.1;307.9456177_3.4,OPIFSICVWOWJMJ-UHFFFAOYSA-N,15,28
0.2948947088398746,"InChI=1S/C14H15BrClNO6/c15-12(6-18)14(16,22)13(21,10(19)11(20)23-12)8-5-17-9-4-2-1-3-7(8)9/h1-5,10-11,17-22H,6H2",708.0;1932.0;2020.0;1056.0;1921.0;1056.0;1072.0;2120.0;1933.0,2,406.977127,64821,C14H15BrClNO6,N,OCC1(Br)OC(O)C(O)C(O)(c2c[nH]c3ccccc23)C1(O)Cl,61.02859116:[C2H4O2]+H+;73.02839661:[C3H3O2+H]+H+;85.02839661:[C4H4O2]+H+;91.03910828:[C3H5O3+H]+H+;96.04415894:[C5H3NO+2H]+H+;167.0576172:[C8H8NO3]+H+;193.0272827:[C10H7ClNO]+H+;245.9311371:[C5H7BrClO4]+H+;270.9388123:[C7H8BrClO4]+H+,UHFFFAOYSA,XCDASTAIWFNPGW,21.82364793999115,61.02859116_143.1;73.02839661_40.2;85.02839661_95.4;91.03910828_25.5;96.04415894_6.1;167.0576172_3.7;193.0272827_4.4;245.9311371_62.5;270.9388123_3.1,XCDASTAIWFNPGW-UHFFFAOYSA-N,9,28
