Score,InChI,FragmenterScore_Values,MaximumTreeDepth,MonoisotopicMass,Identifier,MolecularFormula,InChIKey3,SMILES,FormulasOfExplPeaks,InChIKey2,InChIKey1,FragmenterScore,ExplPeaks,InChIKey,NoExplPeaks,NumberPeaksUsed
1.0,"InChI=1S/C23H27FN4O2/c1-15-18(23(29)28-10-3-2-4-21(28)25-15)9-13-27-11-7-16(8-12-27)22-19-6-5-17(24)14-20(19)30-26-22/h5-6,14,16H,2-4,7-13H2,1H3",958.0;1058.0;753.0;1506.0;961.0;1201.0;796.0;348.0;958.0;305.0,2,410.2118043,10583,C23H27FN4O2,N,Cc1nc2n(c(=O)c1CCN1CCC(c3noc4cc(F)ccc34)CC1)CCCC2,67.0543:[C5H7]+;69.0335:[C4H3O+H]+H+;82.0651:[C5H9N-H]+;107.0728:[C7H11N-2H]+;110.06:[C6H8NO]+;148.112:[C10H16N-2H]+;150.0788:[C8H8N2O+H]+H+;163.0867:[C9H11N2O]+;163.1229:[C10H15N2]+;191.1178:[C11H15N2O]+,UHFFFAOYSA,RAPZEAPATHNIPO,74.62963819832773,67.0543_1.4;69.0335_7.0;82.0651_7.7;107.0728_1.2;110.06_19.3;148.112_3.2;150.0788_1.1;163.0867_3.2;163.1229_5.1;191.1178_999.0,RAPZEAPATHNIPO-UHFFFAOYSA-N,10,10
0.5601124447552287,"InChI=1S/C23H27FN4O2/c1-4-27(5-2)10-11-28-9-8-19-21(23(28)30)14(3)20(25-19)13-17-16-12-15(24)6-7-18(16)26-22(17)29/h6-7,12-13,25H,4-5,8-11H2,1-3H3,(H,26,29)/b17-13-",1629.0;1001.0;1673.0;753.0;696.0;1017.0,2,410.2118043,96582,C23H27FN4O2,N,CCN(CC)CCN1CCc2[nH]c(/C=C3\C(=O)Nc4ccc(F)cc43)c(C)c2C1=O,69.0335:[C4H3O+H]+H+;107.0728:[C7H8N]+H+;110.06:[C6H6NO+H]+H+;150.0788:[C8H8N2O+H]+H+;163.0867:[C9H10N2O]+H+;191.1178:[C11H13N2O+H]+H+,LGMDPLHJSA,GKEYKDOLBLYGRB,41.80098910246355,69.0335_7.0;107.0728_1.2;110.06_19.3;150.0788_1.1;163.0867_3.2;191.1178_999.0,GKEYKDOLBLYGRB-LGMDPLHJSA-N,6,10
0.47170087922244197,"InChI=1S/C23H27FN4O2/c24-18-5-3-17(4-6-18)21(29)2-1-13-27-14-11-23(12-15-27)22(30)26-16-28(23)20-9-7-19(25)8-10-20/h3-10H,1-2,11-16,25H2,(H,26,30)",1363.0;753.0;958.0;1115.0;1201.0;1158.0;1714.0;1506.0;1671.0,2,410.2118043,45790,C23H27FN4O2,N,Nc1ccc(N2CNC(=O)C23CCN(CCCC(=O)c2ccc(F)cc2)CC3)cc1,67.0543:[C5H8-H]+;69.0335:[C4H6O-H]+;82.0651:[C5H8N]+;107.0728:[C7H6N+2H]+H+;110.06:[C6H10NO-2H]+;150.0788:[C8H7N2O+2H]+H+;163.0867:[C9H9N2O+H]+H+;163.1229:[C10H12N2+2H]+H+;191.1178:[C11H13N2O+H]+H+,UHFFFAOYSA,MJEREOGWNZGKRN,35.20286595420393,67.0543_1.4;69.0335_7.0;82.0651_7.7;107.0728_1.2;110.06_19.3;150.0788_1.1;163.0867_3.2;163.1229_5.1;191.1178_999.0,MJEREOGWNZGKRN-UHFFFAOYSA-N,9,10
