Score,InChI,FragmenterScore_Values,MaximumTreeDepth,MonoisotopicMass,Identifier,MolecularFormula,InChIKey3,SMILES,FormulasOfExplPeaks,InChIKey2,InChIKey1,FragmenterScore,ExplPeaks,InChIKey,NoExplPeaks,NumberPeaksUsed
1.0,"InChI=1S/C23H28ClN3O5S/c1-32-21-12-9-17(24)15-20(21)22(28)25-14-13-16-7-10-19(11-8-16)33(30,31)27-23(29)26-18-5-3-2-4-6-18/h7-12,15,18H,2-6,13-14H2,1H3,(H,25,28)(H2,26,27,29)",708.0;765.0;696.0;653.0;665.0;808.0;610.0;1161.0;710.0;632.0;305.0;765.0;820.0,2,493.1438197,10010,C23H28ClN3O5S,N,COc1ccc(Cl)cc1C(=O)NCCc1ccc(S(=O)(=O)NC(=O)NC2CCCCC2)cc1,126.9953:[C6H3ClO]+H+;151.9909:[C7H4ClNO-H]+;154.0094:[C7H6O2S]+;169.0205:[C7H7NO2S]+;170.0014:[C7H4ClNO2]+H+;182.0014:[C8H6ClNO2-H]+;184.0438:[C8H9NO2S]+H+;196.0075:[C8H8NO3S-2H]+;225.0339:[C9H10N2O3S-H]+;273.0572:[C15H12ClNO2]+;367.0523:[C16H16ClN2O4S]+;378.0321:[C16H14ClN3O4S-H]+;460.1104:[C22H24ClN3O4S-H]+,UHFFFAOYSA,ZNNLBTZKUZBEKO,156.6505001516535,126.9953_220.7;151.9909_56.1;154.0094_17.1;169.0205_5.5;170.0014_999.0;182.0014_5.1;184.0438_11.0;196.0075_3.1;225.0339_8.4;273.0572_1.1;367.0523_208.9;378.0321_47.3;460.1104_49.5,ZNNLBTZKUZBEKO-UHFFFAOYSA-N,13,20
