Score,InChI,FragmenterScore_Values,MaximumTreeDepth,MonoisotopicMass,Identifier,MolecularFormula,InChIKey3,SMILES,FormulasOfExplPeaks,InChIKey2,InChIKey1,FragmenterScore,ExplPeaks,InChIKey,NoExplPeaks,NumberPeaksUsed
1.0,"InChI=1S/C24H34N4O5S/c1-4-21-17(3)15-28(22(21)29)24(31)25-14-13-18-7-11-20(12-8-18)34(32,33)27-23(30)26-19-9-5-16(2)6-10-19/h7-8,11-12,16,19H,4-6,9-10,13-15H2,1-3H3,(H,25,31)(H2,26,27,30)",1001.0;796.0;1309.0;620.0;820.0;753.0;653.0;620.0;1837.0;753.0;653.0;958.0;753.0;305.0;853.0;1058.0;677.0;1048.0;710.0;653.0;885.0;985.0;305.0;405.0;665.0;713.0;753.0;796.0;348.0;610.0;753.0;810.0;925.0;272.0;348.0;405.0;753.0;713.0,2,490.2249912,69328,C24H34N4O5S,N,CCC1=C(C)CN(C(=O)NCCc2ccc(S(=O)(=O)NC(=O)NC3CCC(C)CC3)cc2)C1=O,53.0388:[C4H5]+;55.0544:[C4H8-H]+;70.0653:[C4H7N]+H+;77.0387:[C6H4]+H+;79.0542:[C6H4+2H]+H+;81.0699:[C6H10-H]+;83.0856:[C6H10]+H+;91.0542:[C7H6]+H+;93.0573:[C6H7N]+;95.0492:[C6H8O-H]+;96.0444:[C5H5NO]+H+;96.0808:[C6H10N]+;97.0523:[C5H5NO+H]+H+;97.1012:[C7H13]+;98.0601:[C5H5NO+2H]+H+;98.0965:[C6H10N+H]+H+;103.0542:[C8H8-H]+;108.0808:[C7H10N]+;109.0648:[C7H10O-H]+;110.0599:[C6H7NO]+H+;118.0652:[C8H8N]+;120.0809:[C8H8N+H]+H+;124.0757:[C7H10NO]+;126.0914:[C7H10NO+H]+H+;151.0865:[C8H10N2O]+H+;152.0705:[C8H11NO2-H]+;167.0162:[C8H8O2S-H]+;179.0817:[C9H12N2O2-H]+;181.0972:[C9H13N2O2]+;184.0428:[C8H9NO2S]+H+;210.0221:[C9H9NO3S-H]+;229.0646:[C9H10N2O3S+2H]+H+;243.1484:[C15H19N2O]+;271.1441:[C16H19N2O2]+;335.1061:[C16H19N2O4S]+;352.1327:[C16H20N3O4S+H]+H+;353.139:[C16H21N3O4S+H]+H+;378.112:[C17H21N3O5S-H]+,UHFFFAOYSA,WIGIZIANZCJQQY,220.57395713566552,53.0388_2.6;55.0544_24.5;70.0653_5.6;77.0387_3.8;79.0542_6.9;81.0699_30.0;83.0856_10.8;91.0542_3.7;93.0573_1.9;95.0492_6.8;96.0444_3.2;96.0808_3.9;97.0523_4.8;97.1012_12.0;98.0601_12.4;98.0965_9.1;103.0542_36.3;108.0808_18.2;109.0648_44.9;110.0599_1.5;118.0652_15.1;120.0809_3.3;124.0757_54.8;126.0914_999.0;151.0865_6.3;152.0705_20.2;167.0162_79.0;179.0817_7.0;181.0972_94.5;184.0428_4.1;210.0221_15.6;229.0646_4.0;243.1484_1.0;271.1441_4.3;335.1061_48.3;352.1327_807.5;353.139_1.4;378.112_23.0,WIGIZIANZCJQQY-UHFFFAOYSA-N,38,57
