Score,InChI,FragmenterScore_Values,MaximumTreeDepth,MonoisotopicMass,Identifier,MolecularFormula,InChIKey3,SMILES,FormulasOfExplPeaks,InChIKey2,InChIKey1,FragmenterScore,ExplPeaks,InChIKey,NoExplPeaks,NumberPeaksUsed
1.0,"InChI=1S/C11H20N3O3PS/c1-6-14(7-2)11-12-9(3)8-10(13-11)17-18(19,15-4)16-5/h8H,6-7H2,1-5H3",1530.0;1630.0;1574.0;1661.0;865.0;1226.0;1730.0;1530.0;1730.0;1573.0;335.0;665.0;1560.0;460.0;1660.0;360.0;883.0;1226.0;1760.0;305.0;1530.0;640.0;810.0;853.0;335.0;405.0,2,305.0962991,15216,C11H20N3O3PS,N,CCN(CC)c1nc(C)cc(OP(=S)(OC)OC)n1,67.0291:[C3H3N2]+;68.0496:[C4H4N+H]+H+;70.0652:[C4H7N]+H+;84.0442:[C4H4NO+H]+H+;95.0604:[C5H4N2+2H]+H+;99.0917:[C5H10N2]+H+;108.0556:[C5H8N3-2H]+;109.076:[C6H9N2]+;121.0633:[C6H9N3-2H]+;123.0916:[C7H11N2]+;124.982:[C2H6O2PS]+;136.0869:[C7H9N3]+H+;140.0817:[C6H10N3O]+;142.9926:[C2H6O3PS+H]+H+;150.0315:[C4H7NO3P+H]+H+;164.1182:[C9H14N3]+;168.1132:[C8H11N3O+2H]+H+;208.0193:[C6H10NO3PS]+H+;223.0662:[C7H13N2O2PS+2H]+H+;233.0145:[C7H10N2O3PS]+;236.0255:[C6H11N3O3PS]+;246.0461:[C8H12N3O2PS]+H+;250.0411:[C7H10N3O3PS+2H]+H+;264.0559:[C8H12N3O3PS+2H]+H+;274.0773:[C10H17N3O2PS]+;278.0723:[C9H15N3O3PS+H]+H+,UHFFFAOYSA,QHOQHJPRIBSPCY,360.18810405084093,67.0291_216.0;68.0496_7.9;70.0652_9.2;84.0442_6.5;95.0604_289.2;99.0917_5.8;108.0556_831.5;109.076_83.3;121.0633_3.0;123.0916_45.2;124.982_61.4;136.0869_239.3;140.0817_3.9;142.9926_133.4;150.0315_3.6;164.1182_999.0;168.1132_21.9;208.0193_5.6;223.0662_5.1;233.0145_26.2;236.0255_9.8;246.0461_42.0;250.0411_22.2;264.0559_6.4;274.0773_68.8;278.0723_153.8,QHOQHJPRIBSPCY-UHFFFAOYSA-N,26,43
