Score,InChI,FragmenterScore_Values,MaximumTreeDepth,MonoisotopicMass,Identifier,MolecularFormula,InChIKey3,SMILES,FormulasOfExplPeaks,InChIKey2,InChIKey1,FragmenterScore,ExplPeaks,InChIKey,NoExplPeaks,NumberPeaksUsed
1.0,"InChI=1S/C10H15O3PS2/c1-8-7-9(5-6-10(8)16-4)13-14(15,11-2)12-3/h5-7H,1-4H3",1224.0;1324.0;1596.0;1496.0;1496.0;632.0;732.0;670.0;832.0;1559.0;1496.0;607.0;1596.0;807.0;1496.0;732.0;632.0;335.0;832.0;460.0;360.0;607.0;360.0;460.0;435.0;335.0;335.0;435.0;1759.0;707.0;607.0;607.0;870.0;720.0;620.0;620.0;820.0;272.0;607.0;335.0;272.0,2,278.020023,13720,C10H15O3PS2,N,COP(=S)(OC)Oc1ccc(SC)c(C)c1,58.9951:[C2H3S]+;61.0108:[C2H3S+H]+H+;77.0388:[C6H6-H]+;78.0466:[C6H6]+;79.0543:[C6H6]+H+;91.0542:[C7H6]+H+;92.0621:[C7H6+H]+H+;93.01:[C2H6O2P]+;93.0699:[C7H6+2H]+H+;95.0492:[C6H6O]+H+;97.0107:[C5H5S]+;107.0492:[C7H6O]+H+;109.0107:[C6H6S-H]+;109.0648:[C7H6O+2H]+H+;110.0183:[C6H6S]+;121.0106:[C7H6S-H]+;122.0184:[C7H6S]+;124.982:[C2H6O2PS]+;125.0419:[C7H6S+2H]+H+;136.0344:[C8H9S-H]+;137.0419:[C8H9S]+;138.0133:[C7H6OS]+;138.0497:[C8H9S]+H+;142.9926:[C2H6O3PS+H]+H+;152.0291:[C8H9OS-H]+;153.0368:[C8H9OS]+;154.0444:[C8H9OS]+H+;155.0525:[C8H9OS+H]+H+;185.9899:[C7H9O2PS-2H]+;198.9979:[C8H9O2PS-H]+;200.0055:[C8H9O2PS]+;201.0136:[C8H9O2PS]+H+;213.0131:[C9H12O2PS-2H]+;214.9924:[C8H9O3PS-H]+;216.0005:[C8H9O3PS]+;217.0083:[C8H9O3PS]+H+;219.0238:[C8H9O3PS+2H]+H+;231.024:[C9H12O3PS]+;231.9774:[C8H9O2PS2]+;247.0012:[C9H12O2PS2]+;264.0043:[C9H12O3PS2]+H+,UHFFFAOYSA,PNVJTZOFSHSLTO,478.3530427541385,58.9951_9.9;61.0108_4.0;77.0388_1.0;78.0466_1.7;79.0543_3.1;91.0542_19.7;92.0621_1.0;93.01_2.0;93.0699_8.9;95.0492_1.8;97.0107_27.0;107.0492_2.7;109.0107_4.5;109.0648_8.2;110.0183_3.9;121.0106_1.6;122.0184_14.6;124.982_11.9;125.0419_25.1;136.0344_2.0;137.0419_20.2;138.0133_7.4;138.0497_13.5;142.9926_64.7;152.0291_1.0;153.0368_231.4;154.0444_5.3;155.0525_20.8;185.9899_53.4;198.9979_5.6;200.0055_31.0;201.0136_4.1;213.0131_2.2;214.9924_1.1;216.0005_452.2;217.0083_19.5;219.0238_2.0;231.024_999.0;231.9774_3.2;247.0012_15.9;264.0043_2.0,PNVJTZOFSHSLTO-UHFFFAOYSA-N,41,55
