Score,InChI,FragmenterScore_Values,MaximumTreeDepth,MonoisotopicMass,Identifier,MolecularFormula,InChIKey3,SMILES,FormulasOfExplPeaks,InChIKey2,InChIKey1,FragmenterScore,ExplPeaks,InChIKey,NoExplPeaks,NumberPeaksUsed
1.0,"InChI=1S/C14H20N3O5PS/c1-5-19-14(18)11-9-17-12(15-10(11)4)8-13(16-17)22-23(24,20-6-2)21-7-3/h8-9H,5-7H2,1-4H3",460.0;695.0;795.0;808.0;1581.0;820.0;920.0;683.0;1381.0;883.0;1369.0;720.0;1556.0;360.0;695.0;1760.0;795.0;895.0;1121.0;1325.0;895.0;360.0;460.0;1021.0;883.0;1121.0;435.0;2447.0;695.0;920.0;335.0;908.0,2,373.0861284,32387,C14H20N3O5PS,N,CCOC(=O)c1cn2nc(OP(=S)(OCC)OCC)cc2nc1C,124.9822:[C2H5O2PS]+H+;125.9898:[C2H5O2PS+H]+H+;133.0632:[C7H5N3+H]+H+;139.0502:[C6H4N2O2+2H]+H+;141.9848:[C2H5O3PS+H]+H+;142.9925:[C2H5O3PS+2H]+H+;148.0504:[C7H5N3O]+H+;149.0347:[C7H5N2O2]+;150.066:[C7H5N3O+2H]+H+;151.0503:[C7H6N2O2]+H+;159.0426:[C8H5N3O]+;166.0611:[C5H10NO3P+2H]+H+;170.0159:[C4H10O3PS]+H+;176.0454:[C8H5N3O2]+H+;177.0295:[C8H7N2O3-2H]+;177.0532:[C8H5N3O2+H]+H+;178.0611:[C8H5N3O2+2H]+H+;180.0893:[C9H10N2O2+H]+H+;183.0223:[C5H10O3PS+H]+H+;194.056:[C8H5N3O3+2H]+H+;205.0845:[C10H10N3O2]+H+;206.0926:[C10H10N3O2+H]+H+;208.0175:[C6H11NO3PS]+;208.0714:[C9H7N3O3+2H]+H+;210.0331:[C6H11NO3PS+H]+H+;222.0872:[C10H10N3O3+H]+H+;236.0487:[C8H12NO3PS+2H]+H+;300.0204:[C10H10N3O4PS]+H+;318.0309:[C10H10N3O5PS+2H]+H+;328.0515:[C12H15N3O4PS]+;332.0465:[C11H12N3O5PS+2H]+H+;346.062:[C12H15N3O5PS+H]+H+,UHFFFAOYSA,JOOMJVFZQRQWKR,371.9156186811184,124.9822_2.0;125.9898_7.7;133.0632_2.7;139.0502_5.6;141.9848_29.2;142.9925_18.7;148.0504_22.7;149.0347_3.3;150.066_3.3;151.0503_2.7;159.0426_12.8;166.0611_19.5;170.0159_28.4;176.0454_244.3;177.0295_11.0;177.0532_99.8;178.0611_5.2;180.0893_5.8;183.0223_89.9;194.056_873.9;205.0845_79.7;206.0926_5.9;208.0175_23.9;208.0714_3.8;210.0331_128.3;222.0872_999.0;236.0487_57.3;300.0204_23.4;318.0309_32.6;328.0515_11.6;332.0465_3.4;346.062_110.0,JOOMJVFZQRQWKR-UHFFFAOYSA-N,32,65
