Score,InChI,FragmenterScore_Values,MaximumTreeDepth,MonoisotopicMass,Identifier,MolecularFormula,InChIKey3,SMILES,FormulasOfExplPeaks,InChIKey2,InChIKey1,FragmenterScore,ExplPeaks,InChIKey,NoExplPeaks,NumberPeaksUsed
1.0,"InChI=1S/C17H14F3N3O2S/c1-11-2-4-12(5-3-11)15-10-16(17(18,19)20)22-23(15)13-6-8-14(9-7-13)26(21,24)25/h2-10H,1H3,(H2,21,24,25)",1293.0;620.0;1324.0;756.0;756.0;1394.0;1021.0;372.0;272.0;272.0,2,381.0758823,7719,C17H14F3N3O2S,N,Cc1ccc(-c2cc(C(F)(F)F)nn2-c2ccc(S(N)(=O)=O)cc2)cc1,207.1052:[C15H12N]+H+;233.1087:[C16H12N2]+H+;275.0802:[C15H11F3N2-H]+;282.0983:[C17H12F2N2]+;283.104:[C17H12F2N2]+H+;286.0854:[C17H12F3N-H]+;287.0835:[C15H14N2O2S]+H+;300.0885:[C17H12F3N2-H]+;301.0947:[C17H12F3N2]+;302.1031:[C17H12F3N2]+H+,UHFFFAOYSA,RZEKVGVHFLEQIL,352.0044450269674,207.1052_41.0;233.1087_50.0;275.0802_37.0;282.0983_226.8;283.104_137.9;286.0854_23.0;287.0835_95.9;300.0885_228.8;301.0947_216.8;302.1031_172.8,RZEKVGVHFLEQIL-UHFFFAOYSA-N,10,18
0.18565691743020707,"InChI=1S/C17H14F3N3O2S/c18-17(19,20)13-3-1-12(2-4-13)16-23(14(24)7-10-26-16)22-15(25)11-5-8-21-9-6-11/h1-6,8-9,16H,7,10H2,(H,22,25)",1903.0;2003.0;1673.0,2,381.0758823,64869,C17H14F3N3O2S,N,O=C(NN1C(=O)CCSC1c1ccc(C(F)(F)F)cc1)c1ccncc1,281.0915:[C14H10F3N2O+H]+H+;282.0983:[C14H10F3N2O+2H]+H+;287.0835:[C15H13N2O2S+H]+H+,UHFFFAOYSA,VXXCSKWYAZTBDG,65.35206018543755,281.0915_122.9;282.0983_226.8;287.0835_95.9,VXXCSKWYAZTBDG-UHFFFAOYSA-N,3,18
0.18565691743020707,"InChI=1S/C17H14F3N3O2S/c18-17(19,20)13-4-2-1-3-12(13)16-23(14(24)7-10-26-16)22-15(25)11-5-8-21-9-6-11/h1-6,8-9,16H,7,10H2,(H,22,25)",1903.0;2003.0;1673.0,2,381.0758823,65700,C17H14F3N3O2S,N,O=C(NN1C(=O)CCSC1c1ccccc1C(F)(F)F)c1ccncc1,281.0915:[C14H10F3N2O+H]+H+;282.0983:[C14H10F3N2O+2H]+H+;287.0835:[C15H13N2O2S+H]+H+,UHFFFAOYSA,QRKKMJDKKIBVDK,65.35206018543755,281.0915_122.9;282.0983_226.8;287.0835_95.9,QRKKMJDKKIBVDK-UHFFFAOYSA-N,3,18
0.18565691743020707,"InChI=1S/C17H14F3N3O2S/c18-17(19,20)13-3-1-2-12(10-13)16-23(14(24)6-9-26-16)22-15(25)11-4-7-21-8-5-11/h1-5,7-8,10,16H,6,9H2,(H,22,25)",1903.0;2003.0;1673.0,2,381.0758823,65714,C17H14F3N3O2S,N,O=C(NN1C(=O)CCSC1c1cccc(C(F)(F)F)c1)c1ccncc1,281.0915:[C14H10F3N2O+H]+H+;282.0983:[C14H10F3N2O+2H]+H+;287.0835:[C15H13N2O2S+H]+H+,UHFFFAOYSA,JVMIYXJOXGGZLI,65.35206018543755,281.0915_122.9;282.0983_226.8;287.0835_95.9,JVMIYXJOXGGZLI-UHFFFAOYSA-N,3,18
