Score,InChI,FragmenterScore_Values,MaximumTreeDepth,MonoisotopicMass,Identifier,MolecularFormula,InChIKey3,SMILES,FormulasOfExplPeaks,InChIKey2,InChIKey1,FragmenterScore,ExplPeaks,InChIKey,NoExplPeaks,NumberPeaksUsed
1.0,"InChI=1S/C18H14Cl4N2O/c19-13-2-1-12(16(21)7-13)10-25-18(9-24-6-5-23-11-24)15-4-3-14(20)8-17(15)22/h1-8,11,18H,9-10H2/t18-/m1/s1",405.0;348.0;348.0;1562.0;798.0;698.0;360.0;1584.0,2,413.9860238,32625,C18H14Cl4N2O,N,Clc1ccc(CO[C@H](Cn2ccnc2)c2ccc(Cl)cc2Cl)c(Cl)c1,69.0448:[C3H3N2+H]+H+;81.0447:[C4H5N2]+;82.0526:[C4H5N2]+H+;98.9996:[C5H3Cl]+H+;122.9996:[C7H5Cl-H]+;124.0074:[C7H5Cl]+;158.9763:[C7H5Cl2]+;227.0136:[C10H8Cl2N2]+H+,GOSISDBHSA,BYBLEWFAAKGYCD,51.98327757677534,69.0448_60.1;81.0447_1.5;82.0526_2.1;98.9996_1.2;122.9996_7.2;124.0074_1.8;158.9763_999.0;227.0136_18.0,BYBLEWFAAKGYCD-GOSISDBHSA-N,8,9
1.0,"InChI=1S/C18H14Cl4N2O/c19-12-4-5-13(17(22)8-12)18(9-24-7-6-23-11-24)25-10-14-15(20)2-1-3-16(14)21/h1-8,11,18H,9-10H2/t18-/m1/s1",405.0;348.0;348.0;1562.0;798.0;698.0;360.0;1584.0,2,413.9860238,33144,C18H14Cl4N2O,N,Clc1ccc([C@@H](Cn2ccnc2)OCc2c(Cl)cccc2Cl)c(Cl)c1,69.0448:[C3H3N2+H]+H+;81.0447:[C4H5N2]+;82.0526:[C4H5N2]+H+;98.9996:[C5H3Cl]+H+;122.9996:[C7H5Cl-H]+;124.0074:[C7H5Cl]+;158.9763:[C7H5Cl2]+;227.0136:[C10H8Cl2N2]+H+,GOSISDBHSA,MPIPASJGOJYODL,51.98327757677534,69.0448_60.1;81.0447_1.5;82.0526_2.1;98.9996_1.2;122.9996_7.2;124.0074_1.8;158.9763_999.0;227.0136_18.0,MPIPASJGOJYODL-GOSISDBHSA-N,8,9
