Score,InChI,FragmenterScore_Values,MaximumTreeDepth,MonoisotopicMass,Identifier,MolecularFormula,InChIKey3,SMILES,FormulasOfExplPeaks,InChIKey2,InChIKey1,FragmenterScore,ExplPeaks,InChIKey,NoExplPeaks,NumberPeaksUsed
1.0,"InChI=1S/C31H23BrO3/c32-24-15-13-20(14-16-24)19-9-11-21(12-10-19)23-17-22-5-1-2-6-25(22)27(18-23)29-30(33)26-7-3-4-8-28(26)35-31(29)34/h1-16,23,27,33H,17-18H2",696.0;1072.0;696.0;348.0;1920.0,2,522.0830567,64154,C31H23BrO3,N,O=c1oc2ccccc2c(O)c1C1CC(c2ccc(-c3ccc(Br)cc3)cc2)Cc2ccccc21,121.0281:[C7H4O2]+H+;178.0796:[C14H11-H]+;189.0551:[C11H8O3]+H+;291.0994:[C19H15O3]+;419.0258:[C23H16BrO3]+,UHFFFAOYSA,VEUZZDOCACZPRY,57.203355697480006,121.0281_24.0;178.0796_400.6;189.0551_95.9;291.0994_144.9;419.0258_20.0,VEUZZDOCACZPRY-UHFFFAOYSA-N,5,9
0.999802323224233,"InChI=1S/C31H23BrO3/c32-24-15-13-20(14-16-24)19-9-11-21(12-10-19)23-17-22-5-1-2-6-25(22)27(18-23)29-30(33)26-7-3-4-8-28(26)35-31(29)34/h1-16,23,27,34H,17-18H2",708.0;1072.0;696.0;348.0;1920.0,2,522.0830567,511663,C31H23BrO3,N,O=c1c(C2CC(c3ccc(-c4ccc(Br)cc4)cc3)Cc3ccccc32)c(O)oc2ccccc12,121.0281:[C7H4O2]+H+;178.0796:[C14H11-H]+;189.0551:[C11H8O3]+H+;291.0994:[C19H15O3]+;419.0258:[C23H16BrO3]+,UHFFFAOYSA,LNDUTAIPEYOCDF,57.19204792256268,121.0281_24.0;178.0796_400.6;189.0551_95.9;291.0994_144.9;419.0258_20.0,LNDUTAIPEYOCDF-UHFFFAOYSA-N,5,9
