Score,InChI,FragmenterScore_Values,MaximumTreeDepth,MonoisotopicMass,Identifier,MolecularFormula,InChIKey3,SMILES,FormulasOfExplPeaks,InChIKey2,InChIKey1,FragmenterScore,ExplPeaks,InChIKey,NoExplPeaks,NumberPeaksUsed
1.0,"InChI=1S/C22H24ClN3O/c1-25-13-4-5-18(12-14-25)26-22(27)20-7-3-2-6-19(20)21(24-26)15-16-8-10-17(23)11-9-16/h2-3,6-11,18H,4-5,12-15H2,1H3/t18-/m0/s1",958.0;653.0;958.0;753.0;886.0;1115.0;1158.0;796.0;305.0;348.0;653.0;405.0;753.0;710.0,2,381.1607901,18850,C22H24ClN3O,N,CN1CCC[C@H](n2nc(Cc3ccc(Cl)cc3)c3ccccc3c2=O)CC1,55.0544:[C4H7]+;58.0653:[C3H7N]+H+;69.07:[C5H9]+;70.0652:[C4H9N-H]+;79.0543:[C6H4+2H]+H+;81.0699:[C6H11-2H]+;82.0651:[C5H10N-2H]+;84.0808:[C5H11N-H]+;112.1121:[C7H14N]+;125.0152:[C7H6Cl]+;159.0553:[C9H6N2O]+H+;271.0632:[C15H10ClN2O+H]+H+;309.0787:[C18H15ClN2O-H]+;351.1261:[C21H21ClN2O-H]+,SFHVURJKSA,MBUVEWMHONZEQD,67.11788153316755,55.0544_1.7;58.0653_133.8;69.07_3.9;70.0652_9.4;79.0543_12.9;81.0699_39.3;82.0651_1.6;84.0808_32.7;112.1121_999.0;125.0152_3.5;159.0553_7.0;271.0632_20.9;309.0787_2.7;351.1261_11.3,MBUVEWMHONZEQD-SFHVURJKSA-N,14,15
