Score,InChI,FragmenterScore_Values,MaximumTreeDepth,MonoisotopicMass,Identifier,MolecularFormula,InChIKey3,SMILES,FormulasOfExplPeaks,InChIKey2,InChIKey1,FragmenterScore,ExplPeaks,InChIKey,NoExplPeaks,NumberPeaksUsed
1.0,"InChI=1S/C12H11ClN2O5S/c13-9-5-10(15-6-7-2-1-3-20-7)8(12(16)17)4-11(9)21(14,18)19/h1-5,15H,6H2,(H,16,17)(H2,14,18,19)",1660.0;305.0;305.0;2579.0;820.0;808.0;348.0,2,330.0077201,8054,C12H11ClN2O5S,N,NS(=O)(=O)c1cc(C(=O)O)c(NCc2ccco2)cc1Cl,53.0388:[C4H4]+H+;81.0335:[C5H5O]+;96.0445:[C5H6NO]+;185.9953:[C7H5ClNO3]+;203.0133:[C11H8ClNO-2H]+;244.9784:[C8H7ClN2O3S-H]+;262.9889:[C8H8ClN2O4S]+,UHFFFAOYSA,ZZUFCTLCJUWOSV,47.661492858584836,53.0388_39.5;81.0335_999.0;96.0445_7.4;185.9953_5.2;203.0133_3.9;244.9784_3.7;262.9889_19.0,ZZUFCTLCJUWOSV-UHFFFAOYSA-N,7,17
1.0,"InChI=1S/C12H11ClN2O5S/c13-9-5-10(15-6-7-2-1-3-20-7)11(21(14,18)19)4-8(9)12(16)17/h1-5,15H,6H2,(H,16,17)(H2,14,18,19)",1660.0;305.0;305.0;2579.0;820.0;808.0;348.0,2,330.0077201,76208,C12H11ClN2O5S,N,NS(=O)(=O)c1cc(C(=O)O)c(Cl)cc1NCc1ccco1,53.0388:[C4H4]+H+;81.0335:[C5H5O]+;96.0445:[C5H6NO]+;185.9953:[C7H5ClNO3]+;203.0133:[C11H8ClNO-2H]+;244.9784:[C8H7ClN2O3S-H]+;262.9889:[C8H8ClN2O4S]+,UHFFFAOYSA,UXOOVYKVEXGCSH,47.661492858584836,53.0388_39.5;81.0335_999.0;96.0445_7.4;185.9953_5.2;203.0133_3.9;244.9784_3.7;262.9889_19.0,UXOOVYKVEXGCSH-UHFFFAOYSA-N,7,17
