Score,InChI,FragmenterScore_Values,MaximumTreeDepth,MonoisotopicMass,Identifier,MolecularFormula,InChIKey3,SMILES,FormulasOfExplPeaks,InChIKey2,InChIKey1,FragmenterScore,ExplPeaks,InChIKey,NoExplPeaks,NumberPeaksUsed
1.0,"InChI=1S/C33H35FN2O5/c1-21(2)31-30(33(41)35-25-11-7-4-8-12-25)29(22-9-5-3-6-10-22)32(23-13-15-24(34)16-14-23)36(31)18-17-26(37)19-27(38)20-28(39)40/h3-16,21,26-27,37-38H,17-20H2,1-2H3,(H,35,41)(H,39,40)",808.0;613.0;753.0;653.0;2650.0;696.0;305.0;808.0;796.0;808.0,2,558.2530004,45656,C33H35FN2O5,N,CC(C)c1c(C(=O)Nc2ccccc2)c(-c2ccccc2)c(-c2ccc(F)cc2)n1CCC(O)CC(O)CC(=O)O,85.0279:[C4H6O2-H]+;92.0491:[C6H5N]+H+;276.1196:[C19H16FN-H]+;278.135:[C19H16FN]+H+;360.1772:[C24H20FNO+2H]+H+;395.1557:[C23H22FNO4]+;397.1721:[C26H22FN2O]+;451.2198:[C30H29FN2O-H]+;453.1985:[C29H27FN2O2-H]+;495.2443:[C32H33FN2O2-H]+,UHFFFAOYSA,XUKUURHRXDUEBC,223.13240199343232,85.0279_179.0;92.0491_21.1;276.1196_6.9;278.135_999.0;360.1772_1.8;395.1557_1.2;397.1721_662.6;451.2198_1.3;453.1985_147.4;495.2443_2.2,XUKUURHRXDUEBC-UHFFFAOYSA-N,10,17
