Score,InChI,FragmenterScore_Values,MaximumTreeDepth,MonoisotopicMass,Identifier,MolecularFormula,InChIKey3,SMILES,FormulasOfExplPeaks,InChIKey2,InChIKey1,FragmenterScore,ExplPeaks,InChIKey,NoExplPeaks,NumberPeaksUsed
1.0,"InChI=1S/C27H22Cl2N4O/c1-32-16-31-15-25(32)27(30,18-6-9-20(28)10-7-18)19-8-11-24-23(13-19)22(14-26(34)33(24)2)17-4-3-5-21(29)12-17/h3-16H,30H2,1-2H3",1629.0;796.0;753.0;686.0;786.0;1201.0;1101.0;448.0;448.0;796.0;348.0,2,488.1170667,64503,C27H22Cl2N4O,N,Cn1cncc1C(N)(c1ccc(Cl)cc1)c1ccc2c(c1)c(-c1cccc(Cl)c1)cc(=O)n2C,56.04976273:[C3H4N+H]+H+;68.03712463:[C3H2N2+H]+H+;83.06033325:[C4H5N2+H]+H+;138.0104065:[C7H6ClN-H]+;234.0911255:[C16H11NO]+H+;235.0980225:[C16H11NO+H]+H+;238.0432739:[C15H11ClN-2H]+;242.0719452:[C15H11ClN+H]+H+;270.0679016:[C16H11ClNO+H]+H+;295.0629272:[C17H13ClN2O-H]+;407.0707397:[C23H17Cl2N2O]+,UHFFFAOYSA,PLHJCIYEEKOWNM,134.99975509156914,56.04976273_11.1;68.03712463_0.8;83.06033325_999.0;138.0104065_82.2;234.0911255_0.7;235.0980225_1.3;238.0432739_0.7;242.0719452_8.3;270.0679016_85.7;295.0629272_10.6;407.0707397_315.2,PLHJCIYEEKOWNM-UHFFFAOYSA-N,11,33
