Score,InChI,FragmenterScore_Values,MaximumTreeDepth,MonoisotopicMass,Identifier,MolecularFormula,InChIKey3,SMILES,FormulasOfExplPeaks,InChIKey2,InChIKey1,FragmenterScore,ExplPeaks,InChIKey,NoExplPeaks,NumberPeaksUsed
1.0,"InChI=1S/C10H17N3O6S/c11-5(10(18)19)1-2-7(14)13-6(4-20)9(17)12-3-8(15)16/h5-6,20H,1-4,11H2,(H,12,17)(H,13,14)(H,15,16)(H,18,19)",753.0;765.0;305.0;348.0;360.0,2,307.0838063,45610,C10H17N3O6S,N,NC(CCC(=O)NC(CS)C(=O)NCC(=O)O)C(=O)O,116.0165:[C4H7NOS-H]+;144.0114:[C5H7NO2S-H]+;162.0219:[C5H8NO3S]+;233.059:[C8H13N2O4S]+;290.0802:[C10H16N3O5S]+,UHFFFAOYSA,RWSXRVCMGQZWBV,165.75619179190178,116.0165_32.0;144.0114_62.9;162.0219_401.6;233.059_215.8;290.0802_50.9,RWSXRVCMGQZWBV-UHFFFAOYSA-N,5,6
0.9113050007221225,"InChI=1S/C10H17N3O6S/c11-5(1-2-7(14)15)9(18)13-6(4-20)10(19)12-3-8(16)17/h5-6,20H,1-4,11H2,(H,12,19)(H,13,18)(H,14,15)(H,16,17)",753.0;765.0;305.0;610.0;360.0,2,307.0838063,53431,C10H17N3O6S,N,NC(CCC(=O)O)C(=O)NC(CS)C(=O)NCC(=O)O,116.0165:[C4H7NOS-H]+;144.0114:[C5H7NO2S-H]+;162.0219:[C5H8NO3S]+;233.059:[C8H12N2O4S]+H+;290.0802:[C10H16N3O5S]+,UHFFFAOYSA,ZZIFPJZQHRJERU,151.05444648061533,116.0165_32.0;144.0114_62.9;162.0219_401.6;233.059_215.8;290.0802_50.9,ZZIFPJZQHRJERU-UHFFFAOYSA-N,5,6
0.592695710770186,"InChI=1S/C10H17N3O6S/c11-5(4-20)9(17)12-3-7(14)13-6(10(18)19)1-2-8(15)16/h5-6,20H,1-4,11H2,(H,12,17)(H,13,14)(H,15,16)(H,18,19)",753.0;1118.0;653.0;360.0,2,307.0838063,494957,C10H17N3O6S,N,NC(CS)C(=O)NCC(=O)NC(CCC(=O)O)C(=O)O,116.0165:[C4H7NOS-H]+;144.0114:[C5H8NO2S-2H]+;233.059:[C8H12N2O4S]+H+;290.0802:[C10H16N3O5S]+,UHFFFAOYSA,GCDLPNRHPWBKJJ,98.2429839086605,116.0165_32.0;144.0114_62.9;233.059_215.8;290.0802_50.9,GCDLPNRHPWBKJJ-UHFFFAOYSA-N,4,6
