Score,InChI,FragmenterScore_Values,MaximumTreeDepth,MonoisotopicMass,Identifier,MolecularFormula,InChIKey3,SMILES,FormulasOfExplPeaks,InChIKey2,InChIKey1,FragmenterScore,ExplPeaks,InChIKey,NoExplPeaks,NumberPeaksUsed
1.0,"InChI=1S/C16H17BrClN3O3/c17-12-4-11-14(5-13(12)18)20-8-21(16(11)24)7-10(22)3-9-6-19-2-1-15(9)23/h4-5,8-9,15,19,23H,1-3,6-7H2",2077.0;1048.0;2077.0;405.0;808.0;348.0;808.0;348.0;765.0,2,413.0141812,400164,C16H17BrClN3O3,N,O=C(CC1CNCCC1O)Cn1cnc2cc(Cl)c(Br)cc2c1=O,67.04165649:[C4H2N+2H]+H+;80.0497818:[C5H3N+2H]+H+;82.06517029:[C5H9N-H]+;96.08041382:[C6H11N-H]+;100.075676:[C5H10NO]+;138.0911713:[C8H13NO-H]+;240.9155121:[C8H3BrClN2]+;258.9270935:[C8H3BrClN2O+H]+H+;270.9273071:[C9H5BrClN2O]+,UHFFFAOYSA,BYUBIEHDXHVXPO,68.51942711254827,67.04165649_24.0;80.0497818_16.5;82.06517029_195.4;96.08041382_18.3;100.075676_999.0;138.0911713_192.1;240.9155121_23.8;258.9270935_54.9;270.9273071_14.8,BYUBIEHDXHVXPO-UHFFFAOYSA-N,9,22
1.0,"InChI=1S/C16H17BrClN3O3/c17-11-6-13-10(5-12(11)18)16(24)21(8-20-13)7-9(22)4-14-15(23)2-1-3-19-14/h5-6,8,14-15,19,23H,1-4,7H2/t14-,15+/m0/s1",2077.0;1048.0;2077.0;405.0;808.0;348.0;808.0;348.0;765.0,2,413.0141812,507860,C16H17BrClN3O3,N,O=C(C[C@@H]1NCCC[C@H]1O)Cn1cnc2cc(Br)c(Cl)cc2c1=O,67.04165649:[C4H2N+2H]+H+;80.0497818:[C5H3N+2H]+H+;82.06517029:[C5H9N-H]+;96.08041382:[C6H11N-H]+;100.075676:[C5H10NO]+;138.0911713:[C8H13NO-H]+;240.9155121:[C8H3BrClN2]+;258.9270935:[C8H3BrClN2O+H]+H+;270.9273071:[C9H5BrClN2O]+,LSDHHAIUSA,LVASCWIMLIKXLA,68.51942711254827,67.04165649_24.0;80.0497818_16.5;82.06517029_195.4;96.08041382_18.3;100.075676_999.0;138.0911713_192.1;240.9155121_23.8;258.9270935_54.9;270.9273071_14.8,LVASCWIMLIKXLA-LSDHHAIUSA-N,9,22
0.9215513476975852,"InChI=1S/C16H17BrClN3O3/c17-10-4-9-12(5-11(10)18)20-8-21(15(9)22)7-16(23)6-13-14(24-16)2-1-3-19-13/h4-5,8,13-14,19,23H,1-3,6-7H2",1561.0;1048.0;2077.0;405.0;808.0;348.0;808.0;708.0;765.0,2,413.0141812,419612,C16H17BrClN3O3,N,O=c1c2cc(Br)c(Cl)cc2ncn1CC1(O)CC2NCCCC2O1,67.04165649:[C4H7N-2H]+;80.0497818:[C5H3N+2H]+H+;82.06517029:[C5H9N-H]+;96.08041382:[C6H11N-H]+;100.075676:[C5H9NO]+H+;138.0911713:[C8H13NO-H]+;240.9155121:[C8H3BrClN2]+;258.9270935:[C8H3BrClN2O+H]+H+;270.9273071:[C9H5BrClN2O]+,UHFFFAOYSA,QXDBONVVXKCYJW,63.14417039903532,67.04165649_24.0;80.0497818_16.5;82.06517029_195.4;96.08041382_18.3;100.075676_999.0;138.0911713_192.1;240.9155121_23.8;258.9270935_54.9;270.9273071_14.8,QXDBONVVXKCYJW-UHFFFAOYSA-N,9,22
