Score,InChI,FragmenterScore_Values,MaximumTreeDepth,MonoisotopicMass,Identifier,MolecularFormula,InChIKey3,SMILES,FormulasOfExplPeaks,InChIKey2,InChIKey1,FragmenterScore,ExplPeaks,InChIKey,NoExplPeaks,NumberPeaksUsed
1.0,"InChI=1S/C22H18N2/c1-3-7-18(8-4-1)19-11-13-21(14-12-19)22(24-16-15-23-17-24)20-9-5-2-6-10-20/h1-17,22H/t22-/m0/s1",653.0;1224.0;1224.0;753.0;653.0;1529.0;1729.0;1729.0;1729.0;405.0;305.0,2,310.1469986,31609,C22H18N2,N,c1ccc(-c2ccc([C@H](c3ccccc3)n3ccnc3)cc2)cc1,91.0542:[C7H6]+H+;115.0543:[C9H7]+;141.0698:[C11H9]+;165.0699:[C13H10-H]+;166.0777:[C13H10]+;178.0776:[C14H10]+;202.0774:[C16H12-2H]+;215.0856:[C17H13-2H]+;228.0934:[C18H14-2H]+;242.1091:[C19H15-H]+;243.1169:[C19H15]+,QFIPXVFZSA,OCAPBUJLXMYKEJ,246.64674073373735,91.0542_98.4;115.0543_52.3;141.0698_10.3;165.0699_107.2;166.0777_2.1;178.0776_2.7;202.0774_8.0;215.0856_33.2;228.0934_93.1;242.1091_12.0;243.1169_999.0,OCAPBUJLXMYKEJ-QFIPXVFZSA-N,11,13
0.9532936995302387,"InChI=1S/C22H18N2/c1-4-10-19(11-5-1)22(24-17-16-23-18-24,20-12-6-2-7-13-20)21-14-8-3-9-15-21/h1-18H",753.0;653.0;1529.0;1729.0;1729.0;1729.0;405.0;305.0,2,310.1469986,516102,C22H18N2,N,c1ccc(C(c2ccccc2)(c2ccccc2)n2ccnc2)cc1,165.0699:[C13H10-H]+;166.0777:[C13H10]+;178.0776:[C14H10]+;202.0774:[C16H12-2H]+;215.0856:[C17H13-2H]+;228.0934:[C18H14-2H]+;242.1091:[C19H15-H]+;243.1169:[C19H15]+,UHFFFAOYSA,NPZDCTUDQYGYQD,235.12678395114008,165.0699_107.2;166.0777_2.1;178.0776_2.7;202.0774_8.0;215.0856_33.2;228.0934_93.1;242.1091_12.0;243.1169_999.0,NPZDCTUDQYGYQD-UHFFFAOYSA-N,8,13
