Score,InChI,FragmenterScore_Values,MaximumTreeDepth,MonoisotopicMass,Identifier,MolecularFormula,InChIKey3,SMILES,FormulasOfExplPeaks,InChIKey2,InChIKey1,FragmenterScore,ExplPeaks,InChIKey,NoExplPeaks,NumberPeaksUsed
1.0,"InChI=1S/C32H39NO2/c1-32(2,3)28-18-16-25(17-19-28)30(34)15-10-22-33-23-20-29(21-24-33)35-31(26-11-6-4-7-12-26)27-13-8-5-9-14-27/h4-9,11-14,16-19,29,31H,10,15,20-24H2,1-3H3",708.0;1672.0;653.0;1784.0;348.0;460.0;360.0;1684.0;796.0;448.0;305.0;1303.0;360.0,2,469.2980795,52861,C32H39NO2,N,CC(C)(C)c1ccc(C(=O)CCCN2CCC(OC(c3ccccc3)c3ccccc3)CC2)cc1,91.0542:[C7H6]+H+;105.0699:[C8H10-H]+;146.0727:[C10H10O]+;152.0621:[C12H10-2H]+;161.0961:[C11H13O]+;166.0778:[C13H11-H]+;167.0855:[C13H11]+;169.0647:[C12H10O-H]+;173.0963:[C12H14O-H]+;188.1196:[C13H17O-H]+;203.1431:[C14H19O]+;284.2014:[C19H28NO-2H]+;302.2116:[C19H28NO2]+,UHFFFAOYSA,MJJALKDDGIKVBE,121.95887322483492,91.0542_2.3;105.0699_2.4;146.0727_7.4;152.0621_45.4;161.0961_329.2;166.0778_20.8;167.0855_999.0;169.0647_1.4;173.0963_1.7;188.1196_14.9;203.1431_556.7;284.2014_2.1;302.2116_13.7,MJJALKDDGIKVBE-UHFFFAOYSA-N,13,14
