Score,InChI,FragmenterScore_Values,MaximumTreeDepth,MonoisotopicMass,Identifier,MolecularFormula,InChIKey3,SMILES,FormulasOfExplPeaks,InChIKey2,InChIKey1,FragmenterScore,ExplPeaks,InChIKey,NoExplPeaks,NumberPeaksUsed
1.0,"InChI=1S/C16H33NO3/c1-2-14(19)9-7-5-3-4-6-8-13-10-11-16(20)15(12-18)17-13/h13-20H,2-12H2,1H3/t13-,14?,15-,16-/m1/s1",796.0;696.0;1201.0;1201.0;796.0;1001.0;696.0;753.0;1201.0;796.0;696.0;1101.0;1201.0;796.0;1201.0;1201.0;753.0;1013.0;753.0;360.0,2,287.2460439,28571,C16H33NO3,N,CCC(O)CCCCCCC[C@@H]1CC[C@@H](O)[C@@H](CO)N1,55.0544:[C4H8-H]+;57.0701:[C4H8]+H+;67.0543:[C5H9-2H]+;68.0495:[C4H8N-2H]+;69.07:[C5H10-H]+;70.0652:[C4H8N]+;71.0856:[C5H10]+H+;73.0284:[C3H6O2-H]+;81.0699:[C6H11-2H]+;83.0855:[C6H12-H]+;85.1012:[C6H12]+H+;88.0757:[C4H8NO+H]+H+;95.0855:[C7H13-2H]+;97.1012:[C7H14-H]+;109.1011:[C8H15-2H]+;123.1167:[C9H17-2H]+;183.1743:[C12H24O-H]+;226.2162:[C14H28NO]+;227.2005:[C14H28O2-H]+;270.2427:[C16H32NO2]+,QGAIPKOMSA,SEUBYHFHBZVRCC,113.63746215261341,55.0544_2.3;57.0701_43.2;67.0543_9.9;68.0495_2.8;69.07_2.6;70.0652_154.3;71.0856_27.2;73.0284_2.5;81.0699_11.3;83.0855_7.1;85.1012_13.1;88.0757_559.0;95.0855_23.9;97.1012_4.1;109.1011_10.5;123.1167_1.9;183.1743_2.2;226.2162_3.0;227.2005_193.9;270.2427_37.8,SEUBYHFHBZVRCC-QGAIPKOMSA-N,20,21
0.9134327524739942,"InChI=1S/C16H33NO3/c1-2-3-4-5-6-7-8-9-10-11-16(20)17(12-14-18)13-15-19/h18-19H,2-15H2,1H3",796.0;348.0;305.0;665.0;360.0;796.0;348.0;796.0;348.0;665.0;796.0;405.0,2,287.2460439,91478,C16H33NO3,N,CCCCCCCCCCCC(=O)N(CCO)CCO,55.0544:[C4H8-H]+;57.0701:[C4H9]+;69.07:[C5H10-H]+;71.0856:[C5H11]+;83.0855:[C6H12-H]+;85.1012:[C6H13]+;88.0757:[C4H9NO]+H+;97.1012:[C7H14-H]+;106.0862:[C4H10NO2+H]+H+;183.1743:[C12H23O]+;226.2162:[C14H27NO]+H+;270.2427:[C16H32NO2]+,UHFFFAOYSA,AOMUHOFOVNGZAN,103.80017983822101,55.0544_2.3;57.0701_43.2;69.07_2.6;71.0856_27.2;83.0855_7.1;85.1012_13.1;88.0757_559.0;97.1012_4.1;106.0862_999.0;183.1743_2.2;226.2162_3.0;270.2427_37.8,AOMUHOFOVNGZAN-UHFFFAOYSA-N,12,21
