Score,InChI,FragmenterScore_Values,MaximumTreeDepth,MonoisotopicMass,Identifier,MolecularFormula,InChIKey3,SMILES,FormulasOfExplPeaks,InChIKey2,InChIKey1,FragmenterScore,ExplPeaks,InChIKey,NoExplPeaks,NumberPeaksUsed
1.0,"InChI=1S/C21H43N5O7/c1-9(25-3)13-6-5-10(22)19(31-13)32-16-11(23)7-12(24)17(14(16)27)33-20-15(28)18(26-4)21(2,29)8-30-20/h9-20,25-29H,5-8,22-24H2,1-4H3/t9-,10-,11+,12-,13+,14+,15-,16-,17+,18-,19-,20-,21+/m1/s1",360.0;460.0;305.0,2,477.3162487,302221,C21H43N5O7,N,CN[C@@H]1[C@@H](O)[C@@H](O[C@@H]2[C@@H](O)[C@H](O[C@H]3O[C@H]([C@@H](C)NC)CC[C@H]3N)[C@@H](N)C[C@H]2N)OC[C@]1(C)O,160.097:[C7H14NO3]+;322.1973:[C13H26N3O6+H]+H+;461.2965:[C21H41N4O7]+,CAMVTXANSA,CEAZRRDELHUEMR,235.9278900543386,160.097_22.0;322.1973_999.0;461.2965_275.7,CEAZRRDELHUEMR-CAMVTXANSA-N,3,3
0.8794895910174096,"InChI=1S/C21H43N5O7/c1-4-26-13-7-12(24)16(32-19-11(23)6-5-10(8-22)31-19)14(27)17(13)33-20-15(28)18(25-3)21(2,29)9-30-20/h10-20,25-29H,4-9,22-24H2,1-3H3",360.0;865.0;305.0,2,477.3162487,55681,C21H43N5O7,N,CCNC1CC(N)C(OC2OC(CN)CCC2N)C(O)C1OC1OCC(C)(O)C(NC)C1O,160.097:[C7H14NO3]+;322.1973:[C13H25N3O6+2H]+H+;461.2965:[C21H41N4O7]+,UHFFFAOYSA,NZGMVSJQULXLHF,207.49612353349065,160.097_22.0;322.1973_999.0;461.2965_275.7,NZGMVSJQULXLHF-UHFFFAOYSA-N,3,3
0.8794895910174096,"InChI=1S/C21H43N5O7/c1-21(29)9-30-20(15(28)18(21)26-4)32-16-12(23)7-13(25-3)17(14(16)27)33-19-11(22)6-5-10(31-19)8-24-2/h10-20,24-29H,5-9,22-23H2,1-4H3",360.0;865.0;305.0,2,477.3162487,490927,C21H43N5O7,N,CNCC1CCC(N)C(OC2C(NC)CC(N)C(OC3OCC(C)(O)C(NC)C3O)C2O)O1,160.097:[C7H14NO3]+;322.1973:[C13H25N3O6+2H]+H+;461.2965:[C21H41N4O7]+,UHFFFAOYSA,BJPZWHLQWHRXLQ,207.49612353349065,160.097_22.0;322.1973_999.0;461.2965_275.7,BJPZWHLQWHRXLQ-UHFFFAOYSA-N,3,3
