Score,InChI,FragmenterScore_Values,MaximumTreeDepth,MonoisotopicMass,Identifier,MolecularFormula,InChIKey3,SMILES,FormulasOfExplPeaks,InChIKey2,InChIKey1,FragmenterScore,ExplPeaks,InChIKey,NoExplPeaks,NumberPeaksUsed
1.0,"InChI=1S/C42H34O22/c43-16-4-1-14(2-5-16)3-6-20(44)30-21(45)9-17(10-22(30)46)61-42-36(56)38(64-39(57)15-7-23(47)31(51)24(48)8-15)37-27(62-42)13-60-40(58)18-11-25(49)32(52)34(54)28(18)29-19(41(59)63-37)12-26(50)33(53)35(29)55/h1-2,4-5,7-12,27,36-38,42-43,45-56H,3,6,13H2",1572.0;348.0;708.0;360.0;1056.0;696.0;1268.0;360.0;808.0;1280.0,2,890.1541727,468518,C42H34O22,N,O=C(OC1C(O)C(Oc2cc(O)c(C(=O)CCc3ccc(O)cc3)c(O)c2)OC2COC(=O)c3cc(O)c(O)c(O)c3-c3c(cc(O)c(O)c3O)C(=O)OC21)c1cc(O)c(O)c(O)c1,123.0437622:[C7H7O2]+;125.0226974:[C6H5O3]+;167.0339508:[C8H6O4]+H+;169.0125275:[C7H5O5]+;231.0293274:[C12H7O5]+;249.0385742:[C12H8O6]+H+;257.0088501:[C13H7O6-2H]+;273.0768738:[C15H13O5]+;275.0196228:[C13H8O7-H]+;300.9983521:[C14H7O8-2H]+,UHFFFAOYSA,PLESAOGBVATPML,43.255823899491006,123.0437622_25.3;125.0226974_100.8;167.0339508_174.4;169.0125275_37.1;231.0293274_31.7;249.0385742_32.6;257.0088501_29.3;273.0768738_34.6;275.0196228_174.8;300.9983521_999.0,PLESAOGBVATPML-UHFFFAOYSA-N,10,18
