Score,InChI,FragmenterScore_Values,MaximumTreeDepth,MonoisotopicMass,Identifier,MolecularFormula,InChIKey3,SMILES,FormulasOfExplPeaks,InChIKey2,InChIKey1,FragmenterScore,ExplPeaks,InChIKey,NoExplPeaks,NumberPeaksUsed
1.0,"InChI=1S/C21H11ClF6N2O3/c22-12-8-10(21(26,27)28)4-7-17(12)33-11-5-6-16(15(25)9-11)29-20(32)30-19(31)18-13(23)2-1-3-14(18)24/h1-9H,(H2,29,30,31,32)",1197.0;1097.0;944.0;973.0;613.0;1073.0;1097.0;305.0;973.0;360.0;360.0;951.0,2,488.0362392,15513,C21H11ClF6N2O3,N,O=C(NC(=O)c1c(F)cccc1F)Nc1ccc(Oc2ccc(C(F)(F)F)cc2Cl)cc1F,124.02:[C6H3FNO]+;150.0236:[C7H4FN2O-H]+;156.0267:[C7H4F2NO]+;178.9881:[C7H3ClF3]+;194.9831:[C7H3ClF3O]+;268.0392:[C13H6F4NO]+;283.0019:[C13H6ClF3NO-H]+;284.0095:[C13H6ClF3NO]+;289.043:[C14H8F2N2O3-H]+;304.0158:[C13H6ClF4NO]+H+;327.0161:[C14H7ClF3N2O2]+;329.011:[C14H6ClF4N2O]+,UHFFFAOYSA,RYLHNOVXKPXDIP,281.97309464146997,124.02_69.3;150.0236_141.7;156.0267_999.0;178.9881_260.7;194.9831_405.5;268.0392_9.5;283.0019_53.2;284.0095_139.7;289.043_203.4;304.0158_763.8;327.0161_13.9;329.011_680.6,RYLHNOVXKPXDIP-UHFFFAOYSA-N,12,28
