Score,InChI,FragmenterScore_Values,MaximumTreeDepth,MonoisotopicMass,Identifier,MolecularFormula,InChIKey3,SMILES,FormulasOfExplPeaks,InChIKey2,InChIKey1,FragmenterScore,ExplPeaks,InChIKey,NoExplPeaks,NumberPeaksUsed
1.0,"InChI=1S/C20H22N8O6/c1-28(8-12-18(32)26-16-14(23-12)15(21)25-20(22)27-16)10-4-2-9(3-5-10)17(31)24-11(19(33)34)6-7-13(29)30/h2-5,11H,6-8H2,1H3,(H,24,31)(H,29,30)(H,33,34)(H5,21,22,25,26,27,32)/t11-/m0/s1",710.0;796.0;710.0;710.0;610.0;753.0;405.0;915.0;1366.0;958.0;961.0;348.0;1323.0;305.0;1684.0;958.0;610.0;1001.0;305.0;753.0;653.0;915.0;348.0;448.0;305.0,2,470.1662304,170946,C20H22N8O6,N,CN(Cc1nc2c(N)[nH]c(=N)[nH]c-2nc1=O)c1ccc(C(=O)N[C@@H](CCC(=O)O)C(=O)O)cc1,106.04:[C7H4O+H]+H+;118.0651:[C8H9N-H]+;121.0508:[C7H5NO+H]+H+;122.0462:[C4H5N5-H]+;134.06:[C8H7NO]+H+;146.06:[C9H9NO-H]+;148.0617:[C5H8NO4+H]+H+;149.0459:[C6H5N4O]+;158.06:[C10H9NO-H]+;163.0726:[C6H7N6]+;165.052:[C5H5N6O]+;174.041:[C6H8NO5]+;186.0553:[C11H9NO2-H]+;191.0676:[C7H7N6O]+;210.0778:[C10H10NO4+H]+H+;254.1036:[C13H12N5O]+;265.0832:[C12H12N2O5]+H+;268.1303:[C13H14N7]+;279.099:[C13H15N2O5]+;280.0941:[C13H11N7O-H]+;281.1021:[C13H11N7O]+;282.0984:[C14H12N5O2]+;296.1257:[C14H14N7O]+;298.1413:[C14H14N7O+H]+H+;324.1205:[C15H14N7O2]+,NSHDSACASA,HODZDDDNGRLGSI,205.59873147451765,106.04_12.1;118.0651_2.8;121.0508_12.4;122.0462_1.0;134.06_57.6;146.06_1.4;148.0617_176.6;149.0459_4.4;158.06_1.4;163.0726_16.2;165.052_1.3;174.041_1.3;186.0553_1.4;191.0676_999.0;210.0778_1.1;254.1036_1.2;265.0832_5.2;268.1303_1.6;279.099_1.6;280.0941_20.2;281.1021_6.9;282.0984_1.4;296.1257_5.7;298.1413_15.3;324.1205_531.3,HODZDDDNGRLGSI-NSHDSACASA-N,25,26
