Score,InChI,FragmenterScore_Values,MaximumTreeDepth,MonoisotopicMass,Identifier,MolecularFormula,InChIKey3,SMILES,FormulasOfExplPeaks,InChIKey2,InChIKey1,FragmenterScore,ExplPeaks,InChIKey,NoExplPeaks,NumberPeaksUsed
1.0,"InChI=1S/C20H27NO8S/c1-10(22)21-14(18(28)29)7-30-8-15(23)20-9-19(2,3)6-11(20)4-12(17(26)27)13(20)5-16(24)25/h4,11,13-14H,5-9H2,1-3H3,(H,21,22)(H,24,25)(H,26,27)(H,28,29)",796.0;720.0;796.0;272.0;985.0;1044.0;1408.0;732.0;632.0;720.0;1244.0;1044.0;272.0;961.0,2,441.1457378,542105,C20H27NO8S,N,CC(=O)NC(CSCC(=O)C12CC(C)(C)CC1C=C(C(=O)O)C2CC(=O)O)C(=O)O,69.06996918:[C5H10-H]+;84.04458618:[C4H7NO-H]+;86.98970032:[C3H4OS-H]+;88.03927612:[C3H4NO2+H]+H+;95.08537292:[C7H11]+;107.0854568:[C8H12-H]+;112.0390396:[C5H7NO2-H]+;116.0161285:[C4H7NOS-H]+;121.0648575:[C8H11O-2H]+;123.0802231:[C8H11O]+;130.0496368:[C5H8NO3]+;132.0111084:[C4H6NO2S]+;162.0215912:[C5H8NO3S]+;263.1275635:[C15H18O4]+H+,UHFFFAOYSA,AGBBJVFSJVBRRY,117.61823639300948,69.06996918_26.1;84.04458618_335.1;86.98970032_22.1;88.03927612_288.0;95.08537292_29.4;107.0854568_223.6;112.0390396_81.9;116.0161285_101.4;121.0648575_21.9;123.0802231_30.2;130.0496368_87.4;132.0111084_31.3;162.0215912_30.5;263.1275635_999.0,AGBBJVFSJVBRRY-UHFFFAOYSA-N,14,86
