Score,InChI,FragmenterScore_Values,MaximumTreeDepth,MonoisotopicMass,Identifier,MolecularFormula,InChIKey3,SMILES,FormulasOfExplPeaks,InChIKey2,InChIKey1,FragmenterScore,ExplPeaks,InChIKey,NoExplPeaks,NumberPeaksUsed
1.0,"InChI=1S/C6H13N/c1-6(2)4-3-5-7/h4H,3,5,7H2,1-2H3",796.0;348.0;305.0,2,99.10479942,35514,C6H13N,N,CC(C)=CCCN,53.0388:[C4H6-H]+;55.0544:[C4H7]+;83.0855:[C6H11]+,UHFFFAOYSA,KGNHJDRDIDXUHY,242.6740900679908,53.0388_8.4;55.0544_253.3;83.0855_999.0,KGNHJDRDIDXUHY-UHFFFAOYSA-N,3,4
0.9454782716699484,"InChI=1S/C6H13N/c7-6-4-2-1-3-5-6/h6H,1-5,7H2",1201.0;796.0;305.0,2,99.10479942,4317,C6H13N,N,NC1CCCCC1,53.0388:[C4H7-2H]+;55.0544:[C4H8-H]+;83.0855:[C6H11]+,UHFFFAOYSA,PAFZNILMFXTMIY,229.4430792565613,53.0388_8.4;55.0544_253.3;83.0855_999.0,PAFZNILMFXTMIY-UHFFFAOYSA-N,3,4
0.6781329040672198,"InChI=1S/C6H13N/c1-6-4-2-3-5-7-6/h6-7H,2-5H2,1H3",1201.0;753.0;710.0,2,99.10479942,88602,C6H13N,N,CC1CCCCN1,53.0388:[C4H7-2H]+;55.0544:[C4H8-H]+;83.0855:[C6H12-H]+,UHFFFAOYSA,NNWUEBIEOFQMSS,164.56528543967667,53.0388_8.4;55.0544_253.3;83.0855_999.0,NNWUEBIEOFQMSS-UHFFFAOYSA-N,3,4
0.6781329040672198,"InChI=1S/C6H13N/c1-6-2-4-7-5-3-6/h6-7H,2-5H2,1H3",1201.0;753.0;710.0,2,99.10479942,544801,C6H13N,N,CC1CCNCC1,53.0388:[C4H7-2H]+;55.0544:[C4H8-H]+;83.0855:[C6H12-H]+,UHFFFAOYSA,UZOFELREXGAFOI,164.56528543967667,53.0388_8.4;55.0544_253.3;83.0855_999.0,UZOFELREXGAFOI-UHFFFAOYSA-N,3,4
0.6668257236847592,"InChI=1S/C6H13N/c1-2-4-6-7-5-3-1/h7H,1-6H2",753.0;710.0,2,99.10479942,13037,C6H13N,N,C1CCCNCC1,55.0544:[C4H8-H]+;83.0855:[C6H12-H]+,UHFFFAOYSA,ZSIQJIWKELUFRJ,161.8213257291284,55.0544_253.3;83.0855_999.0,ZSIQJIWKELUFRJ-UHFFFAOYSA-N,2,4
0.17208521001789637,"InChI=1S/C6H13N/c1-4-7-5-6(2)3/h7H,2,4-5H2,1,3H3",305.0,2,99.10479942,508062,C6H13N,N,C=C(C)CNCC,55.0544:[C4H7]+,UHFFFAOYSA,AXTLFVLHXSDZOW,41.760621755252096,55.0544_253.3,AXTLFVLHXSDZOW-UHFFFAOYSA-N,1,4
0.11568393340655697,"InChI=1S/C6H13N/c1-2-7-5-3-4-6-7/h2-6H2,1H3",710.0,2,99.10479942,88238,C6H13N,N,CCN1CCCC1,55.0544:[C4H8-H]+,UHFFFAOYSA,ONQBOTKLCMXPOF,28.073493274922257,55.0544_253.3,ONQBOTKLCMXPOF-UHFFFAOYSA-N,1,4
0.11253065114528457,"InChI=1S/C6H13N/c1-7-5-3-2-4-6-7/h2-6H2,1H3",753.0,2,99.10479942,70156,C6H13N,N,CN1CCCCC1,55.0544:[C4H8-H]+,UHFFFAOYSA,PAMIQIKDUOTOBW,27.30827337144044,55.0544_253.3,PAMIQIKDUOTOBW-UHFFFAOYSA-N,1,4
