Score,InChI,FragmenterScore_Values,MaximumTreeDepth,MonoisotopicMass,Identifier,MolecularFormula,InChIKey3,SMILES,FormulasOfExplPeaks,InChIKey2,InChIKey1,FragmenterScore,ExplPeaks,InChIKey,NoExplPeaks,NumberPeaksUsed
1.0,"InChI=1S/C24H20N6O3/c1-2-33-24-25-20-9-5-8-19(23(31)32)21(20)30(24)14-15-10-12-16(13-11-15)17-6-3-4-7-18(17)22-26-28-29-27-22/h3-13H,2,14H2,1H3,(H,31,32)(H,26,27,28,29)",1729.0;1631.0;653.0;753.0;665.0;665.0;1370.0;1527.0;1166.0;305.0;1123.0;2650.0;2650.0;2650.0;1784.0;1684.0;2242.0;1574.0;808.0;896.0;1166.0;1382.0;348.0;360.0;360.0;818.0,2,440.1596885,9621,C24H20N6O3,N,CCOc1nc2cccc(C(=O)O)c2n1Cc1ccc(-c2ccccc2-c2nnn[nH]2)cc1,133.0406:[C7H7N2O-2H]+;147.0199:[C7H4N2O2-H]+;161.072:[C9H8N2O]+H+;165.071:[C13H10-H]+;176.0227:[C8H4N2O3]+;177.0305:[C8H4N2O3]+H+;178.0661:[C13H8N]+;190.0661:[C14H10N-2H]+;193.0771:[C13H8N2]+H+;205.0618:[C10H9N2O3]+;206.0849:[C14H10N2]+;297.1033:[C18H13N5-2H]+;310.1112:[C19H14N5-2H]+;311.1192:[C21H17N2O-2H]+;323.1063:[C19H13N6-2H]+;324.1141:[C19H13N6-H]+;339.1247:[C21H17N4O-2H]+;339.1471:[C23H18N2O]+H+;352.1456:[C21H14N6+H]+H+;354.101:[C22H16N2O3-2H]+;367.1564:[C23H18N4O]+H+;368.104:[C22H14N3O3]+;395.1633:[C23H19N6O]+;396.1351:[C22H15N6O2]+H+;411.122:[C22H15N6O3]+;411.146:[C24H19N4O3]+,UHFFFAOYSA,HTQMVQVXFRQIKW,232.44404942565353,133.0406_460.0;147.0199_109.4;161.072_88.3;165.071_17.1;176.0227_66.2;177.0305_31.4;178.0661_8.4;190.0661_40.9;193.0771_2.3;205.0618_48.0;206.0849_22.9;297.1033_2.0;310.1112_51.3;311.1192_39.8;323.1063_10.6;324.1141_71.5;339.1247_10.8;339.1471_2.1;352.1456_11.7;354.101_82.2;367.1564_18.1;368.104_9.5;395.1633_10.0;396.1351_33.6;411.122_4.1;411.146_60.5,HTQMVQVXFRQIKW-UHFFFAOYSA-N,26,43
