Score,InChI,FragmenterScore_Values,MaximumTreeDepth,MonoisotopicMass,Identifier,MolecularFormula,InChIKey3,SMILES,FormulasOfExplPeaks,InChIKey2,InChIKey1,FragmenterScore,ExplPeaks,InChIKey,NoExplPeaks,NumberPeaksUsed
1.0,"InChI=1S/C18H16F3NO4/c1-24-11-14(17(23)25-2)13-7-4-3-6-12(13)10-26-16-9-5-8-15(22-16)18(19,20)21/h3-9,11H,10H2,1-2H3",360.0;708.0;896.0;796.0;808.0;708.0;708.0;820.0;920.0;448.0,2,367.1031427,81865,C18H16F3NO4,N,COC=C(C(=O)OC)c1ccccc1COc1cccc(C(F)(F)F)n1,91.0543:[C7H6]+H+;130.0414:[C9H8O-2H]+;131.0492:[C9H8O-H]+;145.0648:[C10H10O-H]+;146.0728:[C10H10O]+;147.0805:[C10H10O]+H+;173.0598:[C11H10O2-H]+;177.0911:[C11H10O2+2H]+H+;190.0631:[C11H11O3-H]+;205.086:[C12H13O3]+,UHFFFAOYSA,IBSNKSODLGJUMQ,100.6130370400655,91.0543_11.1;130.0414_13.8;131.0492_6.8;145.0648_999.0;146.0728_14.6;147.0805_1.9;173.0598_16.7;177.0911_17.5;190.0631_1.3;205.086_406.6,IBSNKSODLGJUMQ-UHFFFAOYSA-N,10,17
0.03504660603905338,"InChI=1S/C18H16F3NO4/c1-4-26-17(25)14-10(3)22-9(2)13(16(23)24)15(14)11-7-5-6-8-12(11)18(19,20)21/h5-8H,4H2,1-3H3,(H,23,24)",1772.0;1572.0,2,367.1031427,382749,C18H16F3NO4,N,CCOC(=O)c1c(C)nc(C)c(C(=O)O)c1-c1ccccc1C(F)(F)F,91.0543:[C7H4+2H]+H+;173.0598:[C11H9O2]+,UHFFFAOYSA,CXDWIHCGRKPXAR,3.526145471535861,91.0543_11.1;173.0598_16.7,CXDWIHCGRKPXAR-UHFFFAOYSA-N,2,17
0.025212483190436355,"InChI=1S/C18H16F3NO4/c1-11(23)26-16-7-6-14(10-15(16)17(24)25)22-9-8-12-2-4-13(5-3-12)18(19,20)21/h2-7,10,22H,8-9H2,1H3,(H,24,25)",696.0;853.0;753.0,2,367.1031427,61427,C18H16F3NO4,N,CC(=O)Oc1ccc(NCCc2ccc(C(F)(F)F)cc2)cc1C(=O)O,91.0543:[C7H6]+H+;102.0464:[C8H8-2H]+;103.0543:[C8H8-H]+,UHFFFAOYSA,XDMMJIGHNYLDPB,2.536704505111402,91.0543_11.1;102.0464_5.3;103.0543_5.2,XDMMJIGHNYLDPB-UHFFFAOYSA-N,3,17
