Score,InChI,FragmenterScore_Values,MaximumTreeDepth,MonoisotopicMass,Identifier,MolecularFormula,InChIKey3,SMILES,FormulasOfExplPeaks,InChIKey2,InChIKey1,FragmenterScore,ExplPeaks,InChIKey,NoExplPeaks,NumberPeaksUsed
1.0,"InChI=1S/C41H50O11/c1-22-23(2)41(29-13-17-34(37(21-29)49-9)51-25(4)39(44)27-11-16-33(46-6)36(20-27)48-8)52-40(22)28-12-14-31(30(42)18-28)50-24(3)38(43)26-10-15-32(45-5)35(19-26)47-7/h10-25,38-44H,1-9H3",348.0;1268.0,2,718.3353124,65724,C41H50O11,N,COc1ccc(C(O)C(C)Oc2ccc(C3OC(c4ccc(OC(C)C(O)c5ccc(OC)c(OC)c5)c(OC)c4)C(C)C3C)cc2O)cc1OC,137.0596161:[C8H9O2]+;145.0642548:[C10H11O-2H]+,UHFFFAOYSA,BHSIFEWQADUTCG,15.029620550050268,137.0596161_435.8;145.0642548_999.0,BHSIFEWQADUTCG-UHFFFAOYSA-N,2,12
1.0,"InChI=1S/C41H50O11/c1-22-23(2)41(29-13-17-34(37(21-29)49-9)51-25(4)39(44)27-11-15-32(46-6)35(19-27)47-7)52-40(22)28-12-16-33(36(20-28)48-8)50-24(3)38(43)26-10-14-31(45-5)30(42)18-26/h10-25,38-44H,1-9H3",348.0;1268.0,2,718.3353124,444188,C41H50O11,N,COc1ccc(C(O)C(C)Oc2ccc(C3OC(c4ccc(OC(C)C(O)c5ccc(OC)c(OC)c5)c(OC)c4)C(C)C3C)cc2OC)cc1O,137.0596161:[C8H9O2]+;145.0642548:[C10H11O-2H]+,UHFFFAOYSA,WYQXLNNPKKNBEF,15.029620550050268,137.0596161_435.8;145.0642548_999.0,WYQXLNNPKKNBEF-UHFFFAOYSA-N,2,12
1.0,"InChI=1S/C41H50O11/c1-22-23(2)41(29-13-17-33(37(21-29)49-9)51-25(4)39(44)27-11-15-31(45-5)35(19-27)47-7)52-40(22)28-12-16-32(36(20-28)48-8)50-24(3)38(43)26-10-14-30(42)34(18-26)46-6/h10-25,38-44H,1-9H3/t22-,23-,24-,25-,38+,39+,40+,41+/m1/s1",348.0;1268.0,2,718.3353124,543826,C41H50O11,N,COc1cc([C@@H](O)[C@@H](C)Oc2ccc([C@H]3O[C@H](c4ccc(O[C@H](C)[C@H](O)c5ccc(OC)c(OC)c5)c(OC)c4)[C@H](C)[C@H]3C)cc2OC)ccc1O,137.0596161:[C8H9O2]+;145.0642548:[C10H11O-2H]+,FZBBBUCASA,CPGFYBGUXQXJMQ,15.029620550050268,137.0596161_435.8;145.0642548_999.0,CPGFYBGUXQXJMQ-FZBBBUCASA-N,2,12
