Score,InChI,FragmenterScore_Values,MaximumTreeDepth,MonoisotopicMass,Identifier,MolecularFormula,InChIKey3,SMILES,FormulasOfExplPeaks,InChIKey2,InChIKey1,FragmenterScore,ExplPeaks,InChIKey,NoExplPeaks,NumberPeaksUsed
1.0,"InChI=1S/C14H14Cl2N2O/c1-2-7-19-14(9-18-6-5-17-10-18)12-4-3-11(15)8-13(12)16/h2-6,8,10,14H,1,7,9H2/t14-/m0/s1",665.0;1574.0;405.0;348.0;348.0;765.0;1784.0;753.0;798.0;305.0;360.0;708.0,2,296.0483184,33262,C14H14Cl2N2O,N,C=CCO[C@@H](Cn1ccnc1)c1ccc(Cl)cc1Cl,67.0417:[C4H5N]+;69.0448:[C3H3N2+H]+H+;81.0448:[C4H5N2]+;82.0526:[C4H5N2]+H+;109.0761:[C6H6N2+2H]+H+;158.9764:[C7H4Cl2]+H+;172.992:[C8H6Cl2]+H+;186.9713:[C8H6Cl2O-H]+;200.9869:[C9H8Cl2O-H]+;203.0371:[C11H9ClN2-H]+;229.0183:[C11H11Cl2O]+;255.0087:[C11H9Cl2N2O]+,AWEZNQCLSA,PZBPKYOVPCNPJY,285.4855163957961,67.0417_7.4;69.0448_646.8;81.0448_148.6;82.0526_14.5;109.0761_226.0;158.9764_999.0;172.992_218.3;186.9713_21.2;200.9869_322.0;203.0371_11.6;229.0183_12.4;255.0087_286.7,PZBPKYOVPCNPJY-AWEZNQCLSA-N,12,28
