Score,InChI,FragmenterScore_Values,MaximumTreeDepth,MonoisotopicMass,Identifier,MolecularFormula,InChIKey3,SMILES,FormulasOfExplPeaks,InChIKey2,InChIKey1,FragmenterScore,ExplPeaks,InChIKey,NoExplPeaks,NumberPeaksUsed
1.0,"InChI=1S/C16H16ClNO2S/c1-20-16(19)15(12-4-2-3-5-13(12)17)18-8-6-14-11(10-18)7-9-21-14/h2-5,7,9,15H,6,8,10H2,1H3",653.0;710.0;653.0;610.0;305.0;305.0;643.0;1001.0;1101.0;865.0;305.0;1553.0;653.0;348.0,2,321.0590274,45657,C16H16ClNO2S,N,COC(=O)C(c1ccccc1Cl)N1CCc2sccc2C1,111.0262:[C6H6S]+H+;123.0262:[C7H8S-H]+;125.0152:[C7H5Cl]+H+;125.0416:[C7H8S]+H+;138.0374:[C7H8NS]+;139.045:[C7H8NS]+H+;148.0519:[C9H8O2]+;152.0261:[C8H7ClN]+;154.0418:[C8H7ClN+H]+H+;155.0258:[C8H5ClO+2H]+H+;183.0208:[C9H8ClO2]+;184.0524:[C9H8ClNO+2H]+H+;212.0473:[C10H10ClNO2]+H+;262.0456:[C14H13ClNS]+,UHFFFAOYSA,GKTWGGQPFAXNFI,275.4439804414492,111.0262_11.8;123.0262_2.2;125.0152_140.4;125.0416_7.2;138.0374_5.1;139.045_6.5;148.0519_4.0;152.0261_425.6;154.0418_39.4;155.0258_501.8;183.0208_305.7;184.0524_929.2;212.0473_999.0;262.0456_6.8,GKTWGGQPFAXNFI-UHFFFAOYSA-N,14,17
0.07746609213087675,"InChI=1S/C16H16ClNO2S/c17-14-4-2-1-3-11(14)9-21-10-13-7-8-15(20-13)16(19)18-12-5-6-12/h1-4,7-8,12H,5-6,9-10H2,(H,18,19)",610.0;1496.0;610.0;272.0;810.0,2,321.0590274,350141,C16H16ClNO2S,N,O=C(NC1CC1)c1ccc(CSCc2ccccc2Cl)o1,91.0542:[C7H6]+H+;111.0262:[C6H6S]+H+;123.0262:[C7H6S]+H+;125.0152:[C7H6Cl]+;125.0416:[C7H6S+2H]+H+,UHFFFAOYSA,TXHXIMGYVPSYFT,21.337568765772716,91.0542_8.7;111.0262_11.8;123.0262_2.2;125.0152_140.4;125.0416_7.2,TXHXIMGYVPSYFT-UHFFFAOYSA-N,5,17
