Score,InChI,FragmenterScore_Values,MaximumTreeDepth,MonoisotopicMass,Identifier,MolecularFormula,InChIKey3,SMILES,FormulasOfExplPeaks,InChIKey2,InChIKey1,FragmenterScore,ExplPeaks,InChIKey,NoExplPeaks,NumberPeaksUsed
1.0,"InChI=1S/C13H7Cl2NO5/c14-7-1-4-12(10(15)5-7)21-8-2-3-11(16(19)20)9(6-8)13(17)18/h1-6H,(H,17,18)",1529.0;1629.0;1629.0;1529.0;1784.0;1684.0;798.0;1584.0;708.0;360.0;1562.0;1684.0;1584.0;348.0,2,326.9701277,347456,C13H7Cl2NO5,N,O=C(O)c1cc(Oc2ccc(Cl)cc2Cl)ccc1[N+](=O)[O-],95.0126:[C5H3O2]+;97.028:[C5H3O2+H]+H+;107.0128:[C6H4O2-H]+;109.0284:[C6H4O2]+H+;122.0004:[C6H4O3-2H]+;123.0082:[C6H4O3-H]+;124.9795:[C6H3ClO-H]+;125.0239:[C6H4O3]+H+;137.0117:[C6H3NO3]+;160.9566:[C6H3Cl2O]+;164.003:[C9H5ClO]+;250.967:[C12H6Cl2O2-H]+;251.9749:[C12H6Cl2O2]+;281.973:[C12H6Cl2NO3]+,UHFFFAOYSA,IUSYSZLVZMUVDO,270.6932510737491,95.0126_32.2;97.028_8.2;107.0128_17.7;109.0284_7.0;122.0004_29.0;123.0082_14.6;124.9795_7.9;125.0239_7.3;137.0117_236.2;160.9566_306.7;164.003_13.1;250.967_5.0;251.9749_5.7;281.973_999.0,IUSYSZLVZMUVDO-UHFFFAOYSA-N,14,18
