Score,InChI,FragmenterScore_Values,MaximumTreeDepth,MonoisotopicMass,Identifier,MolecularFormula,InChIKey3,SMILES,FormulasOfExplPeaks,InChIKey2,InChIKey1,FragmenterScore,ExplPeaks,InChIKey,NoExplPeaks,NumberPeaksUsed
1.0,"InChI=1S/C58H104O28/c1-5-9-13-17-34(78-44(66)24-33(63)22-35(18-14-10-6-2)81-56-53(75)50(72)47(69)40(29-59)84-56)21-32(62)23-45(67)79-37(20-16-12-8-4)26-39(83-58-55(77)52(74)49(71)42(31-61)86-58)28-46(68)80-36(19-15-11-7-3)25-38(27-43(64)65)82-57-54(76)51(73)48(70)41(30-60)85-57/h32-42,47-63,69-77H,5-31H2,1-4H3,(H,64,65)",708.0;820.0;696.0;920.0;796.0;808.0,2,1248.671413,543818,C58H104O28,N,CCCCCC(CC(O)CC(=O)OC(CCCCC)CC(CC(=O)OC(CCCCC)CC(CC(=O)O)OC1OC(CO)C(O)C(O)C1O)OC1OC(CO)C(O)C(O)C1O)OC(=O)CC(O)CC(CCCCC)OC1OC(CO)C(O)C(O)C1O,89.02333069:[C3H4O3]+H+;127.0763931:[C7H12O2-H]+;127.1116867:[C8H16O-H]+;169.1222839:[C10H18O2-H]+;187.1326599:[C10H18O3]+H+;205.143631:[C10H18O4+2H]+H+,UHFFFAOYSA,DXKIYFYDJGEVJY,8.388371700800247,89.02333069_4.6;127.0763931_6.1;127.1116867_999.0;169.1222839_382.8;187.1326599_291.0;205.143631_7.4,DXKIYFYDJGEVJY-UHFFFAOYSA-N,6,31
