Score,InChI,FragmenterScore_Values,MaximumTreeDepth,MonoisotopicMass,Identifier,MolecularFormula,InChIKey3,SMILES,FormulasOfExplPeaks,InChIKey2,InChIKey1,FragmenterScore,ExplPeaks,InChIKey,NoExplPeaks,NumberPeaksUsed
1.0,"InChI=1S/C28H27NO4S/c30-21-8-4-20(5-9-21)28-26(24-13-10-22(31)18-25(24)34-28)27(32)19-6-11-23(12-7-19)33-17-16-29-14-2-1-3-15-29/h4-13,18,30-31H,1-3,14-17H2",753.0;958.0;1058.0;1772.0;710.0;958.0;1201.0;405.0;305.0;305.0;405.0;448.0;348.0;808.0;360.0;708.0;753.0;2409.0;1572.0;348.0;348.0;1684.0;1584.0;1224.0;360.0;360.0;360.0;305.0,2,473.1660793,3932,C28H27NO4S,N,O=C(c1ccc(OCCN2CCCCC2)cc1)c1c(-c2ccc(O)cc2)sc2cc(O)ccc12,55.0544:[C4H8-H]+;56.0497:[C3H6N]+;58.0653:[C3H6N+H]+H+;67.0543:[C5H4+2H]+H+;69.0699:[C5H10-H]+;70.0652:[C4H8N]+;82.0651:[C5H10N-2H]+;83.0729:[C5H10N-H]+;84.0808:[C5H10N]+;85.0886:[C5H10N]+H+;86.0964:[C5H10N+H]+H+;97.0886:[C6H12N-H]+;98.0964:[C6H12N]+;103.0179:[C7H4O-H]+;112.1121:[C7H14N]+;121.0285:[C7H4O2]+H+;147.044:[C9H8O2-H]+;197.0597:[C13H8O2]+H+;213.0369:[C13H8OS]+H+;241.0315:[C14H9O2S]+;269.0267:[C15H9O3S]+;305.0622:[C19H11O2S+H]+H+;317.0622:[C20H12O2S]+H+;333.058:[C20H13O3S]+;345.0583:[C21H13O3S]+;361.0533:[C21H13O4S]+;362.0608:[C21H13O4S]+H+;389.0853:[C23H17O4S]+,UHFFFAOYSA,GZUITABIAKMVPG,105.21423395667337,55.0544_27.0;56.0497_58.5;58.0653_44.0;67.0543_6.6;69.0699_114.7;70.0652_30.2;82.0651_5.7;83.0729_2.7;84.0808_498.6;85.0886_187.4;86.0964_16.9;97.0886_4.9;98.0964_10.8;103.0179_7.4;112.1121_999.0;121.0285_1.8;147.044_41.6;197.0597_19.4;213.0369_10.7;241.0315_4.0;269.0267_108.9;305.0622_1.5;317.0622_1.6;333.058_1.4;345.0583_6.2;361.0533_5.8;362.0608_8.3;389.0853_1.5,GZUITABIAKMVPG-UHFFFAOYSA-N,28,30
