Score,InChI,FragmenterScore_Values,MaximumTreeDepth,MonoisotopicMass,Identifier,MolecularFormula,InChIKey3,SMILES,FormulasOfExplPeaks,InChIKey2,InChIKey1,FragmenterScore,ExplPeaks,InChIKey,NoExplPeaks,NumberPeaksUsed
1.0,"InChI=1S/C16H22FNO/c1-13-8-11-18(12-9-13)10-2-3-16(19)14-4-6-15(17)7-5-14/h4-7,13H,2-3,8-12H2,1H3",348.0;405.0;348.0;305.0;843.0,2,263.1685425,72699,C16H22FNO,N,CC1CCN(CCCC(=O)c2ccc(F)cc2)CC1,95.0289:[C6H4F]+;100.1121:[C6H12N+H]+H+;123.0241:[C7H4FO]+;165.0711:[C10H10FO]+;246.1658:[C16H22FN-H]+,UHFFFAOYSA,DKMFBWQBDIGMHM,172.3547106100701,95.0289_3.4;100.1121_26.4;123.0241_539.1;165.0711_999.0;246.1658_2.3,DKMFBWQBDIGMHM-UHFFFAOYSA-N,5,5
0.7865757360452267,"InChI=1S/C16H22FNO/c1-2-3-6-15(18-11-4-5-12-18)16(19)13-7-9-14(17)10-8-13/h7-10,15H,2-6,11-12H2,1H3",348.0;896.0;348.0;653.0;843.0,2,263.1685425,346145,C16H22FNO,N,CCCCC(C(=O)c1ccc(F)cc1)N1CCCC1,95.0289:[C6H4F]+;100.1121:[C6H11N+2H]+H+;123.0241:[C7H4FO]+;165.0711:[C10H9FO]+H+;246.1658:[C16H22FN-H]+,UHFFFAOYSA,BCJXLSGKMNRRKO,135.57003335897792,95.0289_3.4;100.1121_26.4;123.0241_539.1;165.0711_999.0;246.1658_2.3,BCJXLSGKMNRRKO-UHFFFAOYSA-N,5,5
0.7123496522478122,"InChI=1S/C16H22FNO/c1-3-6-15(18-9-4-5-10-18)16(19)13-7-8-14(17)12(2)11-13/h7-8,11,15H,3-6,9-10H2,1-2H3",696.0;896.0;696.0;653.0;843.0,2,263.1685425,535815,C16H22FNO,N,CCCC(C(=O)c1ccc(F)c(C)c1)N1CCCC1,95.0289:[C6H3F]+H+;100.1121:[C6H11N+2H]+H+;123.0241:[C7H3FO]+H+;165.0711:[C10H9FO]+H+;246.1658:[C16H22FN-H]+,UHFFFAOYSA,LFTWWOQOBQFPAT,122.77681816635574,95.0289_3.4;100.1121_26.4;123.0241_539.1;165.0711_999.0;246.1658_2.3,LFTWWOQOBQFPAT-UHFFFAOYSA-N,5,5
0.6117786374357133,"InChI=1S/C16H22FNO/c1-12(2)10-15(18-8-3-4-9-18)16(19)13-6-5-7-14(17)11-13/h5-7,11-12,15H,3-4,8-10H2,1-2H3",348.0;896.0;348.0;1729.0;843.0,2,263.1685425,541432,C16H22FNO,N,CC(C)CC(C(=O)c1cccc(F)c1)N1CCCC1,95.0289:[C6H4F]+;100.1121:[C6H11N+2H]+H+;123.0241:[C7H4FO]+;165.0711:[C10H12FO-2H]+;246.1658:[C16H22FN-H]+,UHFFFAOYSA,YIDHTOZIUGUEHM,105.44293001265535,95.0289_3.4;100.1121_26.4;123.0241_539.1;165.0711_999.0;246.1658_2.3,YIDHTOZIUGUEHM-UHFFFAOYSA-N,5,5
