Score,InChI,FragmenterScore_Values,MaximumTreeDepth,MonoisotopicMass,Identifier,MolecularFormula,InChIKey3,SMILES,FormulasOfExplPeaks,InChIKey2,InChIKey1,FragmenterScore,ExplPeaks,InChIKey,NoExplPeaks,NumberPeaksUsed
1.0,"InChI=1S/C24H46O11/c1-2-3-4-5-6-7-8-9-10-11-12-32-23-21(31)19(29)22(16(14-26)34-23)35-24-20(30)18(28)17(27)15(13-25)33-24/h15-31H,2-14H2,1H3/t15-,16-,17-,18+,19-,20-,21-,22-,23+,24-/m1/s1",1256.0;808.0;696.0;1256.0;808.0;808.0;1256.0;1056.0;696.0;1256.0;808.0;1244.0;820.0;360.0,2,510.3040123,93505,C24H46O11,N,CCCCCCCCCCCCO[C@H]1O[C@H](CO)[C@@H](O[C@H]2O[C@H](CO)[C@@H](O)[C@H](O)[C@H]2O)[C@H](O)[C@H]1O,55.01819229:[C3H5O-2H]+;57.03380585:[C3H6O-H]+;61.02856445:[C2H4O2]+H+;69.03356934:[C4H7O-2H]+;71.04902649:[C4H8O-H]+;73.02831268:[C3H6O2-H]+;85.02840424:[C4H7O2-2H]+;87.04399109:[C4H7O2]+;91.03903198:[C3H6O3]+H+;99.04408264:[C5H9O2-2H]+;103.0390854:[C4H8O3-H]+;115.0393372:[C5H9O3-2H]+;145.0494385:[C6H10O4-H]+;163.0597687:[C6H11O5]+,YHBSTRCHSA,NLEBIOOXCVAHBD,26.82980216338935,55.01819229_4.8;57.03380585_21.9;61.02856445_61.2;69.03356934_76.3;71.04902649_7.3;73.02831268_31.6;85.02840424_999.0;87.04399109_31.1;91.03903198_84.9;99.04408264_45.3;103.0390854_6.3;115.0393372_5.5;145.0494385_382.5;163.0597687_35.2,NLEBIOOXCVAHBD-YHBSTRCHSA-N,14,35
0.9166215965978693,"InChI=1S/C24H46O11/c1-2-3-4-5-6-7-8-9-10-11-12-23(22(32)20(30)18(28)16(13-25)33-23)35-24(15-27)21(31)19(29)17(14-26)34-24/h16-22,25-32H,2-15H2,1H3",1268.0;808.0;1068.0;1268.0;696.0;808.0;820.0;360.0;1268.0;1068.0;696.0,2,510.3040123,74939,C24H46O11,N,CCCCCCCCCCCCC1(OC2(CO)OC(CO)C(O)C2O)OC(CO)C(O)C(O)C1O,55.01819229:[C3H5O-2H]+;57.03380585:[C3H5O]+;61.02856445:[C2H4O2]+H+;73.02831268:[C3H6O2-H]+;85.02840424:[C4H7O2-2H]+;87.04399109:[C4H7O2]+;91.03903198:[C3H6O3]+H+;103.0390854:[C4H8O3-H]+;115.0393372:[C5H9O3-2H]+;145.0494385:[C6H10O4-H]+;163.0597687:[C6H11O5]+,UHFFFAOYSA,RTRFMGCFZCTKRT,24.592776095410915,55.01819229_4.8;57.03380585_21.9;61.02856445_61.2;73.02831268_31.6;85.02840424_999.0;87.04399109_31.1;91.03903198_84.9;103.0390854_6.3;115.0393372_5.5;145.0494385_382.5;163.0597687_35.2,RTRFMGCFZCTKRT-UHFFFAOYSA-N,11,35
