Score,InChI,FragmenterScore_Values,MaximumTreeDepth,MonoisotopicMass,Identifier,MolecularFormula,InChIKey3,SMILES,FormulasOfExplPeaks,InChIKey2,InChIKey1,FragmenterScore,ExplPeaks,InChIKey,NoExplPeaks,NumberPeaksUsed
1.0,"InChI=1S/C11H11F3N2O3/c1-6(2)10(17)15-7-3-4-9(16(18)19)8(5-7)11(12,13)14/h3-6H,1-2H3,(H,15,17)",1708.0;1324.0;1018.0;789.0;1012.0;912.0;912.0;753.0;305.0;305.0;613.0;405.0;448.0,2,276.0721769,9957,C11H11F3N2O3,N,CC(C)C(=O)Nc1ccc([N+](=O)[O-])c(C(F)(F)F)c1,134.0046:[C4HF2NO2]+H+;154.0109:[C4HF3NO2+H]+H+;160.0379:[C7H3F3N+H]+H+;171.0136:[C7H3F2NO2]+;173.0094:[C7H3F3NO-H]+;174.0171:[C7H3F3NO]+;175.0251:[C7H3F3NO]+H+;186.0171:[C8H4F3NO-H]+;190.0118:[C7H3F3NO2]+;191.0199:[C7H3F3NO2]+H+;205.023:[C7H3F3N2O2]+H+;229.0721:[C11H11F3NO-H]+;232.0101:[C8H4F3N2O3-H]+,UHFFFAOYSA,MKXKFYHWDHIYRV,215.49890111597537,134.0046_6.0;154.0109_22.5;160.0379_137.7;171.0136_5.9;173.0094_5.7;174.0171_6.4;175.0251_30.9;186.0171_48.8;190.0118_9.5;191.0199_6.2;205.023_512.6;229.0721_53.9;232.0101_61.2,MKXKFYHWDHIYRV-UHFFFAOYSA-N,13,21
0.4082161979065318,"InChI=1S/C11H11F3N2O3/c12-11(13,14)6-8(7-16(18)19)10(17)15-9-4-2-1-3-5-9/h1-5,8H,6-7H2,(H,15,17)",405.0;448.0;1772.0;1784.0,2,276.0721769,70774,C11H11F3N2O3,N,O=C(Nc1ccccc1)C(C[N+](=O)[O-])CC(F)(F)F,155.0187:[C4H5F3NO2-H]+;175.0251:[C7H6F3NO-2H]+;205.023:[C7H6F3N2O2-2H]+;229.0721:[C11H11F3NO-H]+,UHFFFAOYSA,SRXIJPHAXSVLHL,87.97014206659912,155.0187_4.9;175.0251_30.9;205.023_512.6;229.0721_53.9,SRXIJPHAXSVLHL-UHFFFAOYSA-N,4,21
