Score,InChI,FragmenterScore_Values,MaximumTreeDepth,MonoisotopicMass,Identifier,MolecularFormula,InChIKey3,SMILES,FormulasOfExplPeaks,InChIKey2,InChIKey1,FragmenterScore,ExplPeaks,InChIKey,NoExplPeaks,NumberPeaksUsed
1.0,"InChI=1S/C17H19FN4O5S/c1-21-16(25)14(23)13(15(24)19-10-11-4-6-12(18)7-5-11)20-17(21)22-8-2-3-9-28(22,26)27/h4-7,23H,2-3,8-10H2,1H3,(H,19,24)",620.0;620.0;1058.0;958.0;917.0;2549.0;1222.0;653.0;653.0;2649.0;1001.0;1101.0;915.0;810.0;1144.0;1044.0;1144.0;1168.0;968.0;961.0;1529.0;1094.0;1531.0;653.0;653.0;1056.0;1256.0;796.0;1025.0;720.0,2,410.1060189,98171,C17H19FN4O5S,N,Cn1c(N2CCCCS2(=O)=O)nc(C(=O)NCc2ccc(F)cc2)c(O)c1=O,63.96112442:[O2S]+;64.96914673:[O2S]+H+;82.01583862:[C3H3N2O-H]+;83.0236969:[C3H3N2O]+;86.02321625:[C3H4NO2]+;97.03904724:[C4H3N2O+H]+H+;113.033989:[C4H4N2O2]+H+;120.0239563:[C4H8O2S]+;125.0344543:[C5H4N2O2]+H+;137.0705414:[C7H6N2O+2H]+H+;139.0373535:[C5H4N3O2]+H+;140.0450897:[C5H4N3O2+H]+H+;141.0292664:[C5H5N2O3]+;165.0171967:[C6H5N3O3-2H]+;165.0530243:[C7H8N3O2-H]+;166.062027:[C7H8N3O2]+;179.0688477:[C8H10N3O2-H]+;192.0774689:[C9H12N3O2-2H]+;194.0924377:[C9H12N3O2]+;207.0566254:[C10H8FN2O2]+;220.071701:[C10H9N3O3]+H+;231.0769653:[C12H11N2O3]+;274.0637207:[C10H13N2O5S]+H+;290.0815125:[C13H11FN4O3]+;291.0889282:[C13H11FN4O3]+H+;302.1178284:[C15H14FN4O2]+H+;313.1101685:[C16H16FN4O2-2H]+;317.1048279:[C15H15FN4O3-H]+;330.1123657:[C16H16FN4O3-H]+;345.1361084:[C17H19FN4O3-H]+,UHFFFAOYSA,VNIWZCGZPBJWBI,268.77859133519536,63.96112442_4.7;64.96914673_2.5;82.01583862_3.6;83.0236969_11.9;86.02321625_3.3;97.03904724_4.0;113.033989_2.2;120.0239563_3.2;125.0344543_9.9;137.0705414_51.9;139.0373535_64.8;140.0450897_11.9;141.0292664_10.2;165.0171967_11.8;165.0530243_59.8;166.062027_21.8;179.0688477_18.6;192.0774689_12.1;194.0924377_440.4;207.0566254_4.5;220.071701_18.9;231.0769653_2.8;274.0637207_16.9;290.0815125_29.2;291.0889282_11.1;302.1178284_8.9;313.1101685_2.9;317.1048279_85.5;330.1123657_23.3;345.1361084_999.0,VNIWZCGZPBJWBI-UHFFFAOYSA-N,30,64
