Score,InChI,FragmenterScore_Values,MaximumTreeDepth,MonoisotopicMass,Identifier,MolecularFormula,InChIKey3,SMILES,FormulasOfExplPeaks,InChIKey2,InChIKey1,FragmenterScore,ExplPeaks,InChIKey,NoExplPeaks,NumberPeaksUsed
1.0,"InChI=1S/C17H19N5/c1-16(2,9-18)14-5-13(8-22-12-20-11-21-22)6-15(7-14)17(3,4)10-19/h5-7,11-12H,8H2,1-4H3",448.0;305.0;348.0;796.0;753.0;653.0;653.0;2314.0;896.0;796.0;753.0;753.0,2,293.1640456,9473,C17H19N5,N,CC(C)(C#N)c1cc(Cn2cncn2)cc(C(C)(C)C#N)c1,142.0651:[C10H9N-H]+;156.081:[C11H11N-H]+;157.0887:[C11H11N]+;158.0964:[C11H11N]+H+;170.0962:[C12H14N-2H]+;183.1041:[C13H15N-2H]+;195.0916:[C13H12N2-H]+;198.1277:[C14H17N-H]+;209.1071:[C14H14N2-H]+;210.1151:[C14H15N2-H]+;225.1386:[C15H17N2]+;267.1598:[C16H19N4]+,UHFFFAOYSA,YBBLVLTVTVSKRW,221.18277825406366,142.0651_6.9;156.081_1.8;157.0887_14.3;158.0964_2.2;170.0962_1.8;183.1041_2.1;195.0916_3.2;198.1277_12.3;209.1071_6.2;210.1151_34.8;225.1386_999.0;267.1598_2.3,YBBLVLTVTVSKRW-UHFFFAOYSA-N,12,20
0.01660355778203172,"InChI=1S/C17H19N5/c1-13-4-6-14(7-5-13)11-22-17-15(10-20-22)16(18-12-19-17)21-8-2-3-9-21/h4-7,10,12H,2-3,8-9,11H2,1H3",1021.0,2,293.1640456,542520,C17H19N5,N,Cc1ccc(Cn2ncc3c(N4CCCC4)ncnc32)cc1,267.1598:[C16H18N4]+H+,UHFFFAOYSA,FTGIBRSOVXQSRU,3.6724210391316547,267.1598_2.3,FTGIBRSOVXQSRU-UHFFFAOYSA-N,1,20
0.015241204664392084,"InChI=1S/C17H19N5/c1-2-11-22-15(12-19-17(22)6-1)14-4-3-5-16(21-14)20-13-7-9-18-10-8-13/h1-6,11-13,18H,7-10H2,(H,20,21)",1225.0,2,293.1640456,84540,C17H19N5,N,c1cc(NC2CCNCC2)nc(-c2cnc3ccccn23)c1,267.1598:[C16H18N4]+H+,UHFFFAOYSA,HUYUPQNBDBTPQQ,3.371091991609035,267.1598_2.3,HUYUPQNBDBTPQQ-UHFFFAOYSA-N,1,20
0.015241204664392084,"InChI=1S/C17H19N5/c1-2-6-15-14(5-1)19-16(20-15)13-21-9-11-22(12-10-21)17-7-3-4-8-18-17/h1-8H,9-13H2,(H,19,20)",1225.0,2,293.1640456,538222,C17H19N5,N,c1ccc(N2CCN(Cc3nc4ccccc4[nH]3)CC2)nc1,267.1598:[C16H18N4]+H+,UHFFFAOYSA,FRPJGTNLZNXQEX,3.371091991609035,267.1598_2.3,FRPJGTNLZNXQEX-UHFFFAOYSA-N,1,20
