Score,InChI,FragmenterScore_Values,MaximumTreeDepth,MonoisotopicMass,Identifier,MolecularFormula,InChIKey3,SMILES,FormulasOfExplPeaks,InChIKey2,InChIKey1,FragmenterScore,ExplPeaks,InChIKey,NoExplPeaks,NumberPeaksUsed
1.0,"InChI=1S/C28H27NO4S/c30-21-8-4-20(5-9-21)28-26(24-13-10-22(31)18-25(24)34-28)27(32)19-6-11-23(12-7-19)33-17-16-29-14-2-1-3-15-29/h4-13,18,30-31H,1-3,14-17H2",348.0;1672.0;1572.0;1224.0;1745.0;1645.0;448.0;348.0;708.0;908.0;1684.0;808.0;1584.0;1684.0;1684.0;1584.0;1684.0;1324.0;820.0;1645.0;460.0;360.0;448.0;1920.0,2,473.1660793,3932,C28H27NO4S,N,O=C(c1ccc(OCCN2CCCCC2)cc1)c1c(-c2ccc(O)cc2)sc2cc(O)ccc12,93.0331:[C6H5O]+;211.0221:[C13H8OS-H]+;212.03:[C13H8OS]+;229.0326:[C13H9O2S]+;238.0094:[C14H8O2S-2H]+;239.0172:[C14H8O2S-H]+;240.025:[C14H9O2S-H]+;241.0329:[C14H9O2S]+;253.0329:[C15H8O2S]+H+;266.0043:[C15H8O3S-2H]+;266.0413:[C16H8O2S+H]+H+;267.0123:[C15H8O3S-H]+;303.0485:[C19H11O2S]+;305.0269:[C18H10O3S-H]+;315.0487:[C20H12O2S-H]+;316.0559:[C20H12O2S]+;331.0427:[C20H12O3S-H]+;332.0511:[C20H13O3S-H]+;343.0432:[C21H12O3S-H]+;350.1218:[C21H21NO2S-H]+;360.0462:[C21H13O4S-H]+;361.054:[C21H13O4S]+;374.0615:[C22H15O4S-H]+;378.1174:[C22H20NO3S]+,UHFFFAOYSA,GZUITABIAKMVPG,440.0028752625398,93.0331_35.8;211.0221_44.6;212.03_56.6;229.0326_5.3;238.0094_4.1;239.0172_410.5;240.025_287.8;241.0329_204.6;253.0329_5.7;266.0043_16.1;266.0413_3.3;267.0123_119.2;303.0485_9.4;305.0269_3.0;315.0487_5.0;316.0559_12.6;331.0427_32.4;332.0511_57.2;343.0432_41.9;350.1218_9.7;360.0462_999.0;361.054_594.3;374.0615_4.9;378.1174_4.2,GZUITABIAKMVPG-UHFFFAOYSA-N,24,27
