Score,InChI,FragmenterScore_Values,MaximumTreeDepth,MonoisotopicMass,Identifier,MolecularFormula,InChIKey3,SMILES,FormulasOfExplPeaks,InChIKey2,InChIKey1,FragmenterScore,ExplPeaks,InChIKey,NoExplPeaks,NumberPeaksUsed
1.0,"InChI=1S/C22H17ClN2/c23-21-14-8-7-13-20(21)22(25-16-15-24-17-25,18-9-3-1-4-10-18)19-11-5-2-6-12-19/h1-17H",753.0;753.0;786.0;448.0;348.0;743.0;643.0;305.0,2,344.1080262,9735,C22H17ClN2,N,Clc1ccccc1C(c1ccccc1)(c1ccccc1)n1ccnc1,165.07:[C13H10-H]+;199.0309:[C13H9Cl-H]+;231.0918:[C16H12N2-H]+;232.0992:[C16H13N2-H]+;233.1074:[C16H13N2]+;241.1014:[C19H14-H]+;242.1094:[C19H14]+;277.0782:[C19H14Cl]+,UHFFFAOYSA,VNFPBHJOKIVQEB,382.57745169762364,165.07_587.7;199.0309_82.7;231.0918_173.6;232.0992_140.1;233.1074_73.7;241.1014_99.4;242.1094_127.6;277.0782_999.0,VNFPBHJOKIVQEB-UHFFFAOYSA-N,8,9
1.0,"InChI=1S/C22H17ClN2/c23-21-15-8-7-14-20(21)22(25-17-9-16-24-25,18-10-3-1-4-11-18)19-12-5-2-6-13-19/h1-17H",753.0;753.0;786.0;448.0;348.0;743.0;643.0;305.0,2,344.1080262,48756,C22H17ClN2,N,Clc1ccccc1C(c1ccccc1)(c1ccccc1)n1cccn1,165.07:[C13H10-H]+;199.0309:[C13H9Cl-H]+;231.0918:[C16H12N2-H]+;232.0992:[C16H13N2-H]+;233.1074:[C16H13N2]+;241.1014:[C19H14-H]+;242.1094:[C19H14]+;277.0782:[C19H14Cl]+,UHFFFAOYSA,KBFUQFVFYYBHBT,382.57745169762364,165.07_587.7;199.0309_82.7;231.0918_173.6;232.0992_140.1;233.1074_73.7;241.1014_99.4;242.1094_127.6;277.0782_999.0,KBFUQFVFYYBHBT-UHFFFAOYSA-N,8,9
