Score,InChI,FragmenterScore_Values,MaximumTreeDepth,MonoisotopicMass,Identifier,MolecularFormula,InChIKey3,SMILES,FormulasOfExplPeaks,InChIKey2,InChIKey1,FragmenterScore,ExplPeaks,InChIKey,NoExplPeaks,NumberPeaksUsed
1.0,"InChI=1S/C28H51NO6/c1-5-6-7-8-9-10-11-12-13-14-15-16-17-18-19-20-27(31)35-24-25(30)23-34-22-21-26(28(32)33)29(2,3)4/h9-10,12-13,25-26,30H,5-8,11,14-24H2,1-4H3/b10-9-,13-12-",708.0;696.0;865.0;720.0;665.0;665.0;360.0,2,497.3716384,543482,C28H51NO6,N,CCCCC/C=C\C/C=C\CCCCCCCC(=O)OCC(O)COCCC(C(=O)[O-])[N+](C)(C)C,57.03328323:[C3H4O]+H+;59.01263428:[C2H2O2]+H+;83.01236725:[C4H5O2-2H]+;91.03842163:[C3H6O3]+H+;101.0229797:[C4H5O3]+;175.0605621:[C7H11O5]+;279.2328186:[C18H31O2]+,UTJQPWESSA,MBBOPONQLZPJRT,113.014058309744,57.03328323_167.0;59.01263428_68.2;83.01236725_47.6;91.03842163_147.9;101.0229797_200.8;175.0605621_341.0;279.2328186_999.0,MBBOPONQLZPJRT-UTJQPWESSA-N,7,14
