Score,InChI,FragmenterScore_Values,MaximumTreeDepth,MonoisotopicMass,Identifier,MolecularFormula,InChIKey3,SMILES,FormulasOfExplPeaks,InChIKey2,InChIKey1,FragmenterScore,ExplPeaks,InChIKey,NoExplPeaks,NumberPeaksUsed
1.0,"InChI=1S/C6H10N6/c7-4-10-5(8)12-6(11-4)9-3-1-2-3/h3H,1-2H2,(H5,7,8,9,10,11,12)",613.0;710.0;610.0;710.0;610.0;610.0;710.0;713.0;613.0;610.0;405.0;696.0;610.0;710.0,2,166.0966943,7191,C6H10N6,N,Nc1nc(N)nc(NC2CC2)n1,56.0496:[C3H5N]+H+;68.0244:[C2H3N3-H]+;70.04:[C2H3N3]+H+;81.0447:[C4H6N2-H]+;83.0604:[C4H6N2]+H+;85.0508:[C2H4N4]+H+;108.0556:[C5H7N3-H]+;110.0461:[C3H5N5-H]+;112.0617:[C3H5N5]+H+;125.0821:[C5H8N4]+H+;127.0727:[C3H5N6+H]+H+;139.0725:[C4H6N6]+H+;140.093:[C5H9N5]+H+;150.0775:[C6H9N5-H]+,UHFFFAOYSA,LVQDKIWDGQRHTE,325.1980499797695,56.0496_27.4;68.0244_63.5;70.04_13.8;81.0447_14.1;83.0604_267.8;85.0508_999.0;108.0556_199.8;110.0461_37.8;112.0617_17.7;125.0821_532.9;127.0727_25.0;139.0725_90.2;140.093_35.2;150.0775_25.4,LVQDKIWDGQRHTE-UHFFFAOYSA-N,14,17
