Score,InChI,FragmenterScore_Values,MaximumTreeDepth,MonoisotopicMass,Identifier,MolecularFormula,InChIKey3,SMILES,FormulasOfExplPeaks,InChIKey2,InChIKey1,FragmenterScore,ExplPeaks,InChIKey,NoExplPeaks,NumberPeaksUsed
1.0,"InChI=1S/C16H13N3O3/c1-22-16(21)19-15-17-12-8-7-11(9-13(12)18-15)14(20)10-5-3-2-4-6-10/h2-9H,1H3,(H2,17,18,19,21)",908.0;820.0,2,295.0956913,10218,C16H13N3O3,N,COC(=O)Nc1nc2cc(C(=O)c3ccccc3)ccc2[nH]1,157.0281:[C8H5N3O-2H]+;262.0623:[C15H9N3O2-H]+,UHFFFAOYSA,OPXLLQIJSORQAM,144.33915465536737,157.0281_16.3;262.0623_999.0,OPXLLQIJSORQAM-UHFFFAOYSA-N,2,2
0.8391177766343553,"InChI=1S/C16H13N3O3/c1-18-14-8-7-12(19(21)22)9-13(14)16(17-10-15(18)20)11-5-3-2-4-6-11/h2-9H,10H2,1H3",1112.0,2,295.0956913,12764,C16H13N3O3,N,CN1C(=O)CN=C(c2ccccc2)c2cc([N+](=O)[O-])ccc21,262.0623:[C15H10N3O2-2H]+,UHFFFAOYSA,GWUSZQUVEVMBPI,121.1175505356942,262.0623_999.0,GWUSZQUVEVMBPI-UHFFFAOYSA-N,1,2
0.8242873578594953,"InChI=1S/C16H13N3O3/c1-10-14(8-5-9-15(10)19(21)22)18-11(2)17-13-7-4-3-6-12(13)16(18)20/h3-9H,1-2H3",1155.0,2,295.0956913,259382,C16H13N3O3,N,Cc1c(-n2c(C)nc3ccccc3c2=O)cccc1[N+](=O)[O-],262.0623:[C15H10N3O2-2H]+,UHFFFAOYSA,JYEBDZDPMICYRT,118.97694042654584,262.0623_999.0,JYEBDZDPMICYRT-UHFFFAOYSA-N,1,2
0.8242873578594953,"InChI=1S/C16H13N3O3/c1-10-7-14-15(8-11(10)2)18(9-17-14)16(20)12-3-5-13(6-4-12)19(21)22/h3-9H,1-2H3",1155.0,2,295.0956913,537688,C16H13N3O3,N,Cc1cc2ncn(C(=O)c3ccc([N+](=O)[O-])cc3)c2cc1C,262.0623:[C15H10N3O2-2H]+,UHFFFAOYSA,QAHIDGZDTAQBDO,118.97694042654584,262.0623_999.0,QAHIDGZDTAQBDO-UHFFFAOYSA-N,1,2
0.6541406395673159,"InChI=1S/C16H13N3O3/c1-20-12-6-4-11(5-7-12)15-19-14(9-17)16(22-15)18-10-13-3-2-8-21-13/h2-8,18H,10H2,1H3",1629.0;2046.0,2,295.0956913,540964,C16H13N3O3,N,COc1ccc(-c2nc(C#N)c(NCc3ccco3)o2)cc1,157.0281:[C8H4N3O-H]+;262.0623:[C15H10N3O2-2H]+,UHFFFAOYSA,FSLQMTMAJRMVOR,94.41810694086773,157.0281_16.3;262.0623_999.0,FSLQMTMAJRMVOR-UHFFFAOYSA-N,2,2
0.023082823951879817,"InChI=1S/C16H13N3O3/c20-12-7-5-11(6-8-12)9-15-17-10-18-19(15)14-4-2-1-3-13(14)16(21)22/h1-8,10,20H,9H2,(H,21,22)",1786.0,2,295.0956913,25654,C16H13N3O3,N,O=C(O)c1ccccc1-n1ncnc1Cc1ccc(O)cc1,157.0281:[C8H5N3O-2H]+,UHFFFAOYSA,OLKCKDFOTMJWNW,3.3317552962729993,157.0281_16.3,OLKCKDFOTMJWNW-UHFFFAOYSA-N,1,2
0.0,"InChI=1S/C16H13N3O3/c20-19(21)14-8-4-7-13(11-14)16-17-15(22-18-16)10-9-12-5-2-1-3-6-12/h1-8,11H,9-10H2",NA,2,295.0956913,527452,C16H13N3O3,N,O=[N+]([O-])c1cccc(-c2noc(CCc3ccccc3)n2)c1,NA,UHFFFAOYSA,YVPDFWGUWBVCBF,0.0,NA,YVPDFWGUWBVCBF-UHFFFAOYSA-N,0,2
