Score,InChI,FragmenterScore_Values,MaximumTreeDepth,MonoisotopicMass,Identifier,MolecularFormula,InChIKey3,SMILES,FormulasOfExplPeaks,InChIKey2,InChIKey1,FragmenterScore,ExplPeaks,InChIKey,NoExplPeaks,NumberPeaksUsed
1.0,"InChI=1S/C9H15NO3S/c1-6(5-14)8(11)10-4-2-3-7(10)9(12)13/h6-7,14H,2-5H2,1H3,(H,12,13)/t6-,7-/m0/s1",653.0;348.0;305.0;305.0;405.0;348.0;272.0;360.0,2,217.0772643,92816,C9H15NO3S,N,C[C@@H](CS)C(=O)N1CCC[C@H]1C(=O)O,70.0652:[C4H7N]+H+;75.0263:[C3H7S]+;103.0212:[C4H7OS]+;114.0549:[C5H8NO2]+;116.0706:[C5H8NO2+H]+H+;172.079:[C8H14NOS]+;184.0969:[C9H14NO3]+;200.0739:[C9H14NO2S]+,BQBZGAKWSA,FAKRSMQSSFJEIM,249.17167371039085,70.0652_934.8;75.0263_531.3;103.0212_11.4;114.0549_2.6;116.0706_999.0;172.079_249.0;184.0969_4.1;200.0739_40.6,FAKRSMQSSFJEIM-BQBZGAKWSA-N,8,13
0.8122046952098022,"InChI=1S/C9H15NO3S/c1-8(2)6(7(12)13)10(5-11)9(3,4)14-8/h5-6H,1-4H3,(H,12,13)",1320.0;577.0;882.0;982.0;348.0;644.0;360.0,2,217.0772643,533667,C9H15NO3S,N,CC1(C)SC(C)(C)N(C=O)C1C(=O)O,70.0652:[C4H7N]+H+;75.0263:[C3H6S]+H+;114.0549:[C5H8NO2]+;116.0706:[C5H8NO2+H]+H+;172.079:[C8H14NOS]+;184.0969:[C9H15NO3-H]+;200.0739:[C9H14NO2S]+,UHFFFAOYSA,QEIKJZZSMZXSAI,202.37840330086428,70.0652_934.8;75.0263_531.3;114.0549_2.6;116.0706_999.0;172.079_249.0;184.0969_4.1;200.0739_40.6,QEIKJZZSMZXSAI-UHFFFAOYSA-N,7,13
0.6011234285741305,"InChI=1S/C9H15NO3S/c11-7-6-14-8(10-7)4-2-1-3-5-9(12)13/h8H,1-6H2,(H,10,11)(H,12,13)",1233.0;1025.0;808.0;1266.0;348.0;644.0;360.0,2,217.0772643,317248,C9H15NO3S,N,O=C(O)CCCCCC1NC(=O)CS1,70.0652:[C4H7N]+H+;75.0263:[C3H5S+H]+H+;97.0647:[C6H10O-H]+;103.0212:[C4H6OS]+H+;172.079:[C8H14NOS]+;184.0969:[C9H15NO3-H]+;200.0739:[C9H14NO2S]+,UHFFFAOYSA,CSOJYIADHHNGRM,149.7829308043447,70.0652_934.8;75.0263_531.3;97.0647_2.1;103.0212_11.4;172.079_249.0;184.0969_4.1;200.0739_40.6,CSOJYIADHHNGRM-UHFFFAOYSA-N,7,13
0.5863734160883899,"InChI=1S/C9H15NO3S/c1-3-7(4-11)9(13)8(5-14)10-6(2)12/h3,8,11,14H,4-5H2,1-2H3,(H,10,12)",620.0;820.0;908.0;272.0;360.0,2,217.0772643,260279,C9H15NO3S,N,CC=C(CO)C(=O)C(CS)NC(C)=O,114.0549:[C5H7NO2]+H+;116.0706:[C5H7NO2+2H]+H+;172.079:[C8H11NOS+2H]+H+;184.0969:[C9H14NO3]+;200.0739:[C9H14NO2S]+,UHFFFAOYSA,UPGUXFGMJUKUDG,146.10764550602354,114.0549_2.6;116.0706_999.0;172.079_249.0;184.0969_4.1;200.0739_40.6,UPGUXFGMJUKUDG-UHFFFAOYSA-N,5,13
