Score,InChI,FragmenterScore_Values,MaximumTreeDepth,MonoisotopicMass,Identifier,MolecularFormula,InChIKey3,SMILES,FormulasOfExplPeaks,InChIKey2,InChIKey1,FragmenterScore,ExplPeaks,InChIKey,NoExplPeaks,NumberPeaksUsed
1.0,"InChI=1S/C9H22O4P2S4/c1-5-10-14(16,11-6-2)18-9-19-15(17,12-7-3)13-8-4/h5-9H2,1-4H3",348.0;335.0;783.0;696.0;708.0;607.0;348.0;607.0;632.0;832.0;620.0;272.0;372.0;272.0;708.0,2,383.9876164,15139,C9H22O4P2S4,N,CCOP(=S)(OCC)SCSP(=S)(OCC)OCC,78.9671:[CH2S2]+H+;124.9821:[C2H5O2PS]+H+;140.9595:[C2H5OPS2]+H+;153.0133:[C4H10O2PS]+;154.9748:[C3H7OPS2]+H+;156.9541:[C2H5O2PS2]+H+;158.9698:[C2H5O2PS2+2H]+H+;170.9698:[C3H7O2PS2]+H+;184.9854:[C4H10O2PS2]+;187.001:[C4H10O2PS2+H]+H+;199.0011:[C5H12O2PS2]+;202.9415:[C3H7O2PS3]+H+;230.9732:[C5H12O2PS3]+;338.9536:[C7H17O3P2S4]+;339.0076:[C8H19O4P2S3+H]+H+,UHFFFAOYSA,RIZMRRKBZQXFOY,175.27820943294614,78.9671_2.0;124.9821_28.7;140.9595_1.7;153.0133_36.7;154.9748_19.8;156.9541_6.4;158.9698_9.1;170.9698_502.2;184.9854_7.2;187.001_4.9;199.0011_912.8;202.9415_8.8;230.9732_58.0;338.9536_1.5;339.0076_11.5,RIZMRRKBZQXFOY-UHFFFAOYSA-N,15,37
