Score,InChI,FragmenterScore_Values,MaximumTreeDepth,MonoisotopicMass,Identifier,MolecularFormula,InChIKey3,SMILES,FormulasOfExplPeaks,InChIKey2,InChIKey1,FragmenterScore,ExplPeaks,InChIKey,NoExplPeaks,NumberPeaksUsed
1.0,"InChI=1S/C27H29N5O6S/c1-27(2,3)18-10-12-19(13-11-18)39(34,35)32-23-22(38-21-9-6-5-8-20(21)36-4)26(37-17-16-33)31-25(30-23)24-28-14-7-15-29-24/h5-15,33H,16-17H2,1-4H3,(H,30,31,32)",720.0;1226.0;808.0;796.0;808.0;1684.0;808.0;1785.0;820.0;1785.0;808.0;796.0;360.0;348.0;305.0;1629.0;2549.0;1673.0,2,551.1838546,17592,C27H29N5O6S,N,COc1ccccc1Oc1c(NS(=O)(=O)c2ccc(C(C)(C)C)cc2)nc(-c2ncccn2)nc1OCCO,108.0207:[C6H4O2]+;119.0356:[C5H3N4]+;173.0467:[C8H7N4O-2H]+;175.0262:[C9H7NO3-2H]+;181.0332:[C9H10O2S-H]+;197.0641:[C10H13O2S]+;212.0748:[C10H14NO2S]+;246.076:[C11H8N4O3+H]+H+;276.0528:[C11H8N5O2S+H]+H+;280.084:[C14H11N5O2-H]+;308.0789:[C15H11N5O3-H]+;322.0948:[C16H13N5O3-H]+;338.09:[C16H13N5O4-H]+;370.0987:[C17H17N5O3S-H]+;396.1139:[C19H19N5O3S-H]+;398.0926:[C18H17N5O4S-H]+;474.1247:[C24H21N5O4S-H]+;506.1509:[C25H24N5O5S]+,UHFFFAOYSA,GJPICJJJRGTNOD,96.82610637705726,108.0207_5.3;119.0356_2.4;173.0467_1.3;175.0262_2.5;181.0332_4.0;197.0641_999.0;212.0748_2.4;246.076_10.1;276.0528_3.3;280.084_8.6;308.0789_48.9;322.0948_9.7;338.09_6.2;370.0987_2.7;396.1139_2.3;398.0926_2.2;474.1247_13.7;506.1509_8.8,GJPICJJJRGTNOD-UHFFFAOYSA-N,18,47
