Score,InChI,FragmenterScore_Values,MaximumTreeDepth,MonoisotopicMass,Identifier,MolecularFormula,InChIKey3,SMILES,FormulasOfExplPeaks,InChIKey2,InChIKey1,FragmenterScore,ExplPeaks,InChIKey,NoExplPeaks,NumberPeaksUsed
1.0,"InChI=1S/C33H25F3O4/c34-33(35,36)24-13-9-20(10-14-24)19-39-25-15-11-21(12-16-25)23-17-22-5-1-2-6-26(22)28(18-23)30-31(37)27-7-3-4-8-29(27)40-32(30)38/h1-16,23,28,37H,17-19H2",460.0;348.0;696.0;1256.0;1256.0,2,542.1704939,64234,C33H25F3O4,N,O=c1oc2ccccc2c(O)c1C1CC(c2ccc(OCc3ccc(C(F)(F)F)cc3)cc2)Cc2ccccc21,161.0231476:[C9H5O3]+;174.0313873:[C10H6O3]+;289.0859985:[C19H15O3-2H]+;367.0973206:[C24H17O4-2H]+;382.1208191:[C25H19O4-H]+,UHFFFAOYSA,KKBGNYHHEIAGOH,132.29075518417324,161.0231476_606.1;174.0313873_30.1;289.0859985_126.7;367.0973206_37.5;382.1208191_561.9,KKBGNYHHEIAGOH-UHFFFAOYSA-N,5,20
1.0,"InChI=1S/C33H25F3O4/c34-33(35,36)24-13-9-20(10-14-24)19-39-25-15-11-21(12-16-25)23-17-22-5-1-2-6-26(22)28(18-23)30-31(37)27-7-3-4-8-29(27)40-32(30)38/h1-16,23,28,38H,17-19H2",460.0;348.0;696.0;1256.0;1256.0,2,542.1704939,559417,C33H25F3O4,N,O=c1c(C2CC(c3ccc(OCc4ccc(C(F)(F)F)cc4)cc3)Cc3ccccc32)c(O)oc2ccccc12,161.0231476:[C9H5O3]+;174.0313873:[C10H6O3]+;289.0859985:[C19H15O3-2H]+;367.0973206:[C24H17O4-2H]+;382.1208191:[C25H19O4-H]+,UHFFFAOYSA,OWUZCVPRFKSBRG,132.29075518417324,161.0231476_606.1;174.0313873_30.1;289.0859985_126.7;367.0973206_37.5;382.1208191_561.9,OWUZCVPRFKSBRG-UHFFFAOYSA-N,5,20
