Score,InChI,FragmenterScore_Values,MaximumTreeDepth,MonoisotopicMass,Identifier,MolecularFormula,InChIKey3,SMILES,FormulasOfExplPeaks,InChIKey2,InChIKey1,FragmenterScore,ExplPeaks,InChIKey,NoExplPeaks,NumberPeaksUsed
1.0,"InChI=1S/C23H28ClN3O5S/c1-32-21-12-9-17(24)15-20(21)22(28)25-14-13-16-7-10-19(11-8-16)33(30,31)27-23(29)26-18-5-3-2-4-6-18/h7-12,15,18H,2-6,13-14H2,1H3,(H,25,28)(H2,26,27,29)",1201.0;796.0;620.0;820.0;305.0;620.0;1562.0;677.0;577.0;686.0;908.0;708.0;908.0;1051.0;348.0;1073.0;973.0;753.0;665.0;713.0;1629.0;348.0;1596.0;1324.0;272.0;348.0;405.0;713.0,2,493.1438197,10010,C23H28ClN3O5S,N,COc1ccc(Cl)cc1C(=O)NCCc1ccc(S(=O)(=O)NC(=O)NC2CCCCC2)cc1,53.0388:[C4H7-2H]+;55.0544:[C4H8-H]+;77.0387:[C6H4]+H+;79.0543:[C6H4+2H]+H+;83.0856:[C6H11]+;91.0542:[C7H6]+H+;95.0491:[C6H6O]+H+;103.0542:[C8H8-H]+;105.0699:[C8H8]+H+;107.0491:[C7H6O]+H+;113.0152:[C6H3Cl+2H]+H+;125.9866:[C6H3ClO]+;129.0101:[C6H3ClO+2H]+H+;134.0361:[C8H7O2-H]+;141.0101:[C7H6ClO]+;153.9815:[C7H4ClO2-H]+;154.9897:[C7H4ClO2]+;167.0161:[C8H8O2S-H]+;168.021:[C8H6ClNO]+H+;169.0051:[C8H7ClO2-H]+;171.9921:[C5H5N2O3S-H]+;198.032:[C9H9ClNO2]+;244.0526:[C14H12ClNO-H]+;262.063:[C14H14ClNO2-H]+;288.0786:[C16H15ClNO2]+;352.0416:[C16H15ClNO4S]+;369.0673:[C16H16ClN2O4S+H]+H+;395.0465:[C17H17ClN2O5S-H]+,UHFFFAOYSA,ZNNLBTZKUZBEKO,195.05868405754185,53.0388_1.4;55.0544_2.9;77.0387_2.8;79.0543_1.1;83.0856_8.2;91.0542_5.1;95.0491_4.1;103.0542_18.4;105.0699_16.1;107.0491_10.9;113.0152_8.1;125.9866_7.4;129.0101_3.0;134.0361_4.6;141.0101_4.1;153.9815_1.2;154.9897_3.3;167.0161_19.7;168.021_7.4;169.0051_999.0;171.9921_3.4;198.032_14.5;244.0526_3.0;262.063_11.2;288.0786_21.0;352.0416_4.9;369.0673_658.1;395.0465_42.1,ZNNLBTZKUZBEKO-UHFFFAOYSA-N,28,55
