Score,InChI,FragmenterScore_Values,MaximumTreeDepth,MonoisotopicMass,Identifier,MolecularFormula,InChIKey3,SMILES,FormulasOfExplPeaks,InChIKey2,InChIKey1,FragmenterScore,ExplPeaks,InChIKey,NoExplPeaks,NumberPeaksUsed
1.0,"InChI=1S/C33H30N4O2/c1-4-9-30-35-31-21(2)18-24(32-34-27-12-7-8-13-28(27)36(32)3)19-29(31)37(30)20-22-14-16-23(17-15-22)25-10-5-6-11-26(25)33(38)39/h5-8,10-19H,4,9,20H2,1-3H3,(H,38,39)",653.0;853.0;653.0;1672.0;710.0;610.0;1572.0;753.0;405.0;305.0;1529.0;796.0;696.0;796.0;696.0;348.0,2,514.2368762,10710,C33H30N4O2,N,CCCc1nc2c(C)cc(-c3nc4ccccc4n3C)cc2n1Cc1ccc(-c2ccccc2C(=O)O)cc1,260.1074:[C16H12N4]+;272.1067:[C17H14N4-2H]+;274.1225:[C17H14N4]+;285.1139:[C18H14N4-H]+;287.1303:[C18H16N4-H]+;288.1387:[C18H16N4]+;299.1294:[C19H15N4]+;301.1461:[C19H18N4-H]+;302.1534:[C19H19N4-H]+;303.1615:[C19H19N4]+;315.1617:[C20H18N4]+H+;425.1785:[C29H22N4-H]+;426.1862:[C29H22N4]+;439.1929:[C30H24N4-H]+;440.2018:[C30H24N4]+;469.2397:[C32H29N4]+,UHFFFAOYSA,RMMXLENWKUUMAY,328.2218733285717,260.1074_5.2;272.1067_27.6;274.1225_15.5;285.1139_2.5;287.1303_999.0;288.1387_5.0;299.1294_2.8;301.1461_36.3;302.1534_22.0;303.1615_227.8;315.1617_26.7;425.1785_4.7;426.1862_8.8;439.1929_15.8;440.2018_34.0;469.2397_418.8,RMMXLENWKUUMAY-UHFFFAOYSA-N,16,18
