Score,InChI,FragmenterScore_Values,MaximumTreeDepth,MonoisotopicMass,Identifier,MolecularFormula,InChIKey3,SMILES,FormulasOfExplPeaks,InChIKey2,InChIKey1,FragmenterScore,ExplPeaks,InChIKey,NoExplPeaks,NumberPeaksUsed
1.0,"InChI=1S/C21H21ClN4OS/c22-17-13-18-15(12-20(27)23-18)11-14(17)5-6-25-7-9-26(10-8-25)21-16-3-1-2-4-19(16)28-24-21/h1-4,11,13H,5-10,12H2,(H,23,27)",960.0;1796.0;1796.0;405.0;1058.0;1714.0;958.0;743.0;643.0;908.0;610.0;305.0;948.0;710.0;610.0;405.0;405.0;348.0;610.0,2,412.11246,10848,C21H21ClN4OS,N,O=C1Cc2cc(CCN3CCN(c4nsc5ccccc45)CC3)c(Cl)cc2N1,109.0105:[C6H4S]+H+;130.0651:[C9H8N]+;131.073:[C9H8N]+H+;136.0215:[C7H4NS+H]+H+;139.0309:[C8H6Cl+H]+H+;150.0374:[C8H6NS+H]+H+;151.0313:[C9H8Cl]+;158.0601:[C10H9NO-H]+;159.0679:[C10H9NO]+;166.0418:[C9H6ClN+2H]+H+;177.0481:[C9H8N2S]+H+;194.0368:[C10H9ClNO]+;201.1021:[C12H13N2O]+;203.0639:[C11H12N2S-H]+;205.0795:[C11H12N2S]+H+;217.0671:[C11H12N3S-H]+;220.0904:[C11H12N3S+H]+H+;232.0903:[C12H14N3S]+;237.0789:[C12H13ClN2O]+H+,UHFFFAOYSA,MVWVFYHBGMAFLY,147.26537207892233,109.0105_1.6;130.0651_19.3;131.073_24.1;136.0215_8.9;139.0309_4.7;150.0374_4.3;151.0313_4.8;158.0601_20.9;159.0679_189.4;166.0418_152.2;177.0481_159.1;194.0368_999.0;201.1021_1.9;203.0639_6.9;205.0795_10.7;217.0671_2.5;220.0904_31.9;232.0903_6.4;237.0789_11.8,MVWVFYHBGMAFLY-UHFFFAOYSA-N,19,20
0.9974301122755833,"InChI=1S/C21H21ClN4OS/c22-17-13-18-15(12-20(27)23-18)11-14(17)5-6-25-7-9-26(10-8-25)21-16-3-1-2-4-19(16)28-24-21/h1-4,11-13,23,27H,5-10H2",960.0;1796.0;1796.0;405.0;1630.0;1714.0;1530.0;743.0;643.0;908.0;610.0;305.0;948.0;710.0;610.0;405.0;405.0;348.0;610.0,2,412.11246,554826,C21H21ClN4OS,N,Oc1cc2cc(CCN3CCN(c4nsc5ccccc45)CC3)c(Cl)cc2[nH]1,109.0105:[C6H4S]+H+;130.0651:[C9H8N]+;131.073:[C9H8N]+H+;136.0215:[C7H4NS+H]+H+;139.0309:[C8H6Cl+H]+H+;150.0374:[C8H6NS+H]+H+;151.0313:[C9H7Cl]+H+;158.0601:[C10H9NO-H]+;159.0679:[C10H9NO]+;166.0418:[C9H6ClN+2H]+H+;177.0481:[C9H8N2S]+H+;194.0368:[C10H9ClNO]+;201.1021:[C12H13N2O]+;203.0639:[C11H12N2S-H]+;205.0795:[C11H12N2S]+H+;217.0671:[C11H12N3S-H]+;220.0904:[C11H12N3S+H]+H+;232.0903:[C12H14N3S]+;237.0789:[C12H13ClN2O]+H+,UHFFFAOYSA,CARRCRVKWDEWCD,146.88691660698504,109.0105_1.6;130.0651_19.3;131.073_24.1;136.0215_8.9;139.0309_4.7;150.0374_4.3;151.0313_4.8;158.0601_20.9;159.0679_189.4;166.0418_152.2;177.0481_159.1;194.0368_999.0;201.1021_1.9;203.0639_6.9;205.0795_10.7;217.0671_2.5;220.0904_31.9;232.0903_6.4;237.0789_11.8,CARRCRVKWDEWCD-UHFFFAOYSA-N,19,20
