Score,InChI,FragmenterScore_Values,MaximumTreeDepth,MonoisotopicMass,Identifier,MolecularFormula,InChIKey3,SMILES,FormulasOfExplPeaks,InChIKey2,InChIKey1,FragmenterScore,ExplPeaks,InChIKey,NoExplPeaks,NumberPeaksUsed
1.0,"InChI=1S/C28H29N5OS/c34-27(33-17-12-23(13-18-33)32-15-3-4-16-32)20-7-9-22(10-8-20)30-28-29-14-11-24(31-28)26-19-21-5-1-2-6-25(21)35-26/h1-2,5-11,14,19,23H,3-4,12-13,15-18H2,(H,29,30,31)",405.0;305.0;610.0;696.0;753.0;753.0;405.0;305.0;405.0;448.0;348.0,2,483.2092815,82059,C28H29N5OS,N,O=C(c1ccc(Nc2nccc(-c3cc4ccccc4s3)n2)cc1)N1CCC(N2CCCC2)CC1,84.08049011:[C5H9N]+H+;98.09603119:[C6H11N]+H+;110.0960617:[C7H13N-H]+;124.1119156:[C8H15N-H]+;153.1383057:[C9H17N2]+;155.1538849:[C9H17N2+H]+H+;301.0679321:[C18H12N3S-H]+;302.0743713:[C18H12N3S]+;329.0618591:[C19H12N3OS-H]+;330.0691528:[C19H12N3OS]+;332.0848999:[C19H12N3OS+H]+H+,UHFFFAOYSA,BWZJBXAPRCVCKQ,175.67001881397084,84.08049011_2.5;98.09603119_0.6;110.0960617_2.3;124.1119156_2.2;153.1383057_0.9;155.1538849_2.6;301.0679321_0.7;302.0743713_118.5;329.0618591_1.0;330.0691528_999.0;332.0848999_0.5,BWZJBXAPRCVCKQ-UHFFFAOYSA-N,11,26
