Score,InChI,FragmenterScore_Values,MaximumTreeDepth,MonoisotopicMass,Identifier,MolecularFormula,InChIKey3,SMILES,FormulasOfExplPeaks,InChIKey2,InChIKey1,FragmenterScore,ExplPeaks,InChIKey,NoExplPeaks,NumberPeaksUsed
1.0,"InChI=1S/C35H44I6N6O15/c1-13(52)46(30-26(38)20(32(59)42-3-15(54)9-48)24(36)21(27(30)39)33(60)43-4-16(55)10-49)7-19(58)8-47(14(2)53)31-28(40)22(34(61)44-5-17(56)11-50)25(37)23(29(31)41)35(62)45-6-18(57)12-51/h15-19,48-51,54-58H,3-12H2,1-2H3,(H,42,59)(H,43,60)(H,44,61)(H,45,62)",753.0;765.0;2648.0;610.0;653.0;753.0;1837.0;796.0;1837.0;1529.0;1562.0,2,1549.713303,12708,C35H44I6N6O15,N,CC(=O)N(CC(O)CN(C(C)=O)c1c(I)c(C(=O)NCC(O)CO)c(I)c(C(=O)NCC(O)CO)c1I)c1c(I)c(C(=O)NCC(O)CO)c(I)c(C(=O)NCC(O)CO)c1I,282.9724121:[C7H8INO3+H]+H+;310.9668274:[C8H9INO4]+H+;420.8691101:[C8H8I2NO3]+H+;448.8614807:[C9H9I2NO4]+;601.9297485:[C16H20I2N3O6-2H]+;614.7755737:[C11H9I3N2O4]+H+;626.776123:[C12H11I3N2O4-H]+;640.7918701:[C13H13I3N2O4-H]+;656.7866211:[C13H13I3N2O5-H]+;670.8068848:[C14H15I3N2O5-H]+;743.8552856:[C17H20I3N3O6]+H+,UHFFFAOYSA,NBQNWMBBSKPBAY,15.605836386503947,282.9724121_3.3;310.9668274_7.7;420.8691101_5.1;448.8614807_1.8;601.9297485_1.1;614.7755737_3.9;626.776123_44.2;640.7918701_1.5;656.7866211_13.5;670.8068848_9.2;743.8552856_1.3,NBQNWMBBSKPBAY-UHFFFAOYSA-N,11,155
