Score,InChI,FragmenterScore_Values,MaximumTreeDepth,MonoisotopicMass,Identifier,MolecularFormula,InChIKey3,SMILES,FormulasOfExplPeaks,InChIKey2,InChIKey1,FragmenterScore,ExplPeaks,InChIKey,NoExplPeaks,NumberPeaksUsed
1.0,"InChI=1S/C26H29NO/c1-4-25(21-11-7-5-8-12-21)26(22-13-9-6-10-14-22)23-15-17-24(18-16-23)28-20-19-27(2)3/h5-18H,4,19-20H2,1-3H3",765.0;448.0;348.0;360.0;1060.0;1060.0;696.0;1836.0;896.0;796.0;1072.0;696.0;696.0;796.0;696.0;696.0;1060.0;808.0;448.0;1117.0;348.0;917.0;1672.0;808.0;753.0;808.0;708.0;796.0;696.0;460.0;360.0;305.0,2,371.2249145,49780,C26H29NO,N,CCC(=C(c1ccccc1)c1ccc(OCCN(C)C)cc1)c1ccccc1,56.0497:[C3H7N-H]+;57.0574:[C3H8N-H]+;58.0653:[C3H8N]+;72.0808:[C4H10N]+;91.0542:[C7H5+H]+H+;105.0698:[C8H7+H]+H+;107.0491:[C7H6O]+H+;115.0544:[C9H6]+H+;128.0618:[C10H10-2H]+;129.0699:[C10H10-H]+;167.0856:[C13H9+H]+H+;178.0777:[C14H10]+;179.0854:[C14H10]+H+;191.0852:[C15H12-H]+;192.0937:[C15H12]+;193.1014:[C15H12]+H+;194.0729:[C14H11O-H]+;205.1012:[C16H14-H]+;206.109:[C16H15-H]+;207.0806:[C15H13O-2H]+;207.1168:[C16H15]+;209.0962:[C15H13O]+;215.0853:[C17H12-H]+;221.0958:[C16H14O-H]+;249.1275:[C18H18O-H]+;253.1012:[C20H14-H]+;254.1089:[C20H14]+;283.1121:[C21H16O-H]+;285.1273:[C21H16O]+H+;298.1358:[C22H19O-H]+;300.1511:[C22H19O]+H+;327.1743:[C24H23O]+,UHFFFAOYSA,NKANXQFJJICGDU,73.56363579441343,56.0497_9.5;57.0574_10.1;58.0653_18.3;72.0808_999.0;91.0542_24.4;105.0698_6.8;107.0491_4.9;115.0544_1.4;128.0618_2.5;129.0699_40.8;167.0856_2.9;178.0777_6.2;179.0854_2.3;191.0852_2.5;192.0937_1.2;193.1014_3.1;194.0729_1.6;205.1012_1.7;206.109_1.9;207.0806_2.6;207.1168_3.5;209.0962_4.4;215.0853_1.6;221.0958_1.7;249.1275_2.3;253.1012_2.2;254.1089_1.3;283.1121_1.3;285.1273_2.9;298.1358_1.4;300.1511_2.2;327.1743_3.7,NKANXQFJJICGDU-UHFFFAOYSA-N,32,33
