structureRankPerFormula	formulaRank	ConfidenceScore	CSI:FingerIDScore	molecularFormula	adduct	InChIkey2D	InChI	name	smiles	xlogp	pubchemids	links	dbflags
1	1	0.29850379207360767	-7.998534146208116	C13H12F2N6O	[M - H]-	RFHAOTPXVQNOHP	InChI=1S/C13H12F2N6O/c14-10-1-2-11(12(15)3-10)13(22,4-20-8-16-6-18-20)5-21-9-17-7-19-21/h1-3,6-9,22H,4-5H2	Alflucoz	C1=CC(=C(C=C1F)F)C(CN2C=NC=N2)(CN3C=NC=N3)O	0.873982906	3365;445283;450062;25181565;25216502;25216503;25216505;25216506;25216638;25218364;46906107;87355537;92043189;123957576;131674221;135156539;139144848	HMDB:(14342);SuperNatural:(SN00000217);ZINC bio:(ZINC00004009);additional;HSDB:(86386-73-4);MeSH:(3365);PubMed;NORMAN:(NS00000281);COCONUT:(CNP0337557);database;PubChem:(3365 445283 450062 25181565 25216502 25216503 25216505 25216506 25216638 25218364 46906107 87355537 92043189 123957576 131674221 135156539 139144848);CHEBI:(46081);PubChem class - bio and metabolites;KEGG:(C07002);PubChem class - safety and toxic;Training Set;PubChem class - drug	68840874862