structureRankPerFormula	formulaRank	ConfidenceScore	CSI:FingerIDScore	molecularFormula	adduct	InChIkey2D	InChI	name	smiles	xlogp	pubchemids	links	dbflags
1	1	0.32455942590540887	-336.8918347287501	C14H15BrClNO6	[M + H3N + H]+	OPIFSICVWOWJMJ	InChI=1S/C14H15BrClNO6/c15-5-1-2-6-9(10(5)16)7(3-17-6)22-14-13(21)12(20)11(19)8(4-18)23-14/h1-3,8,11-14,17-21H,4H2	Indoxyl-Gal	C1=CC(=C(C2=C1NC=C2OC3C(C(C(C(O3)CO)O)O)O)Cl)Br	1.20000005	65181;84982;619018;2733916;5289587;6977382;9844365;10173103;15043175;22840584;26470559;26470567;26470621;26470914;26470915;24801961;24801962;24801965;24801966;25806081;29974833;29974837;40428791;42433498;44629973;44120055;44120064;44120066;44120143;46780889;51403940;54162378;54162379;54162380;68795441;88078704;131676733;131707054;132274933	NORMAN:(NS00016394);COCONUT:(CNP0050170);database;PubChem:(65181 84982 619018 2733916 5289587 6977382 9844365 10173103 15043175 22840584 26470559 26470567 26470621 26470914 26470915 24801961 24801962 24801965 24801966 25806081 29974833 29974837 40428791 42433498 44629973 44120055 44120064 44120066 44120143 46780889 51403940 54162378 54162379 54162380 68795441 88078704 131676733 131707054 132274933);CHEBI:(75506 75502 75055 75501 75424);ZINC bio:(ZINC01045361 ZINC02597047 ZINC03861793 ZINC04534215 ZINC04534216);PubChem class - bio and metabolites;MeSH:(65181 84982);PubChem class - safety and toxic;PubMed;Biocyc:(CPD0-2491)	68805732454
2	1	N/A	-550.0789106157812	C14H15BrClNO6	[M + H3N + H]+	XCDASTAIWFNPGW	InChI=1S/C14H15BrClNO6/c15-12(6-18)14(16,22)13(21,10(19)11(20)23-12)8-5-17-9-4-2-1-3-7(8)9/h1-5,10-11,17-22H,6H2	(2R,3R,4R,5S,6S)-6-bromo-5-chloro-6-(hydroxymethyl)-4-(1H-indol-3-yl)oxane-2,3,4,5-tetrol	C1=CC=C2C(=C1)C(=CN2)C3(C(C(OC(C3(O)Cl)(CO)Br)O)O)O	0.0	18664736;18779997;57064123;57151471;57202173;60205149;69645999;69393867	PubChem:(18664736 18779997 57064123 57151471 57202173 60205149 69645999 69393867);PubMed;database	68719476802