structureRankPerFormula	formulaRank	ConfidenceScore	CSI:FingerIDScore	molecularFormula	adduct	InChIkey2D	InChI	name	smiles	xlogp	pubchemids	links	dbflags
1	1	0.0415573551054449	-220.54852586968423	C41H50O11	[M + Na]+	CPGFYBGUXQXJMQ	InChI=1S/C41H50O11/c1-22-23(2)41(29-13-17-33(37(21-29)49-9)51-25(4)39(44)27-11-15-31(45-5)35(19-27)47-7)52-40(22)28-12-16-32(36(20-28)48-8)50-24(3)38(43)26-10-14-30(42)34(18-26)46-6/h10-25,38-44H,1-9H3	null	CC1C(C(OC1C2=CC(=C(C=C2)OC(C)C(C3=CC(=C(C=C3)O)OC)O)OC)C4=CC(=C(C=C4)OC(C)C(C5=CC(=C(C=C5)OC)OC)O)OC)C	6.5	73890952	COCONUT:(CNP0268639);Natural Products:(UNPD182570);database;PubChem:(73890952);SuperNatural:(SN00268435);PubMed	68722655298
2	1	N/A	-220.59595366765285	C41H50O11	[M + Na]+	WYQXLNNPKKNBEF	InChI=1S/C41H50O11/c1-22-23(2)41(29-13-17-34(37(21-29)49-9)51-25(4)39(44)27-11-15-32(46-6)35(19-27)47-7)52-40(22)28-12-16-33(36(20-28)48-8)50-24(3)38(43)26-10-14-31(45-5)30(42)18-26/h10-25,38-44H,1-9H3	null	CC1C(C(OC1C2=CC(=C(C=C2)OC(C)C(C3=CC(=C(C=C3)OC)O)O)OC)C4=CC(=C(C=C4)OC(C)C(C5=CC(=C(C=C5)OC)OC)O)OC)C	7.10254288	""	COCONUT:(CNP0118764);Natural Products:(UNPD225970);database	68721606656
3	1	N/A	-231.4309895389344	C41H50O11	[M + Na]+	BHSIFEWQADUTCG	InChI=1S/C41H50O11/c1-22-23(2)41(29-13-17-34(37(21-29)49-9)51-25(4)39(44)27-11-16-33(46-6)36(20-27)48-8)52-40(22)28-12-14-31(30(42)18-28)50-24(3)38(43)26-10-15-32(45-5)35(19-26)47-7/h10-25,38-44H,1-9H3	Manassantin B1	CC1C(C(OC1C2=CC(=C(C=C2)OC(C)C(C3=CC(=C(C=C3)OC)OC)O)O)C4=CC(=C(C=C4)OC(C)C(C5=CC(=C(C=C5)OC)OC)O)OC)C	6.5	70681302;70685494;70693903	COCONUT:(CNP0079462);MeSH:(70685494);database;PubChem:(70681302 70685494 70693903);PubMed	68721573958