structureRankPerFormula	formulaRank	ConfidenceScore	CSI:FingerIDScore	molecularFormula	adduct	InChIkey2D	InChI	name	smiles	xlogp	pubchemids	links	dbflags
1	1	0.18214422540862724	-81.85283350115654	C13H12N4	[M + H]+	UQVKZNNCIHJZLS	InChI=1S/C13H12N4/c1-17-11-7-10(9-5-3-2-4-6-9)8-15-12(11)16-13(17)14/h2-8H,1H3,(H2,14,15,16)	1-methyl-6-phenylimidazo[4,5-b]pyridin-2-amine	CN1C2=C(N=CC(=C2)C3=CC=CC=C3)N=C1N	2.23156381	1530;11299151;45359067;44717055;101751832;138396073	HMDB:(41008);ZINC bio:(ZINC01850101);additional;HSDB:(105650-23-5);MeSH:(1530);PubMed;NORMAN:(NS00014413);COCONUT:(CNP0345666);Natural Products:(UNPD191082);database;PubChem:(1530 11299151 45359067 44717055 101751832 138396073);CHEBI:(76290);PubChem class - bio and metabolites;KEGG:(C16038);PubChem class - safety and toxic;PubChem class - drug	68839842670
2	1	N/A	-112.8480681839105	C13H12N4	[M + H]+	XAFOTXWPFVZQAZ	InChI=1S/C13H12N4/c14-9-3-1-8(2-4-9)13-16-11-6-5-10(15)7-12(11)17-13/h1-7H,14-15H2,(H,16,17)	Oprea1_073783	C1=CC(=CC=C1C2=NC3=C(N2)C=C(C=C3)N)N	1.80930674	24260;40659455;131844713;136842241	NORMAN:(NS00037765);database;PubChem class - safety and toxic;PubChem:(24260 40659455 131844713 136842241);PubMed	68786847810
3	1	N/A	-131.57916788191363	C13H12N4	[M + H]+	ZZDGNBWCSPZNRU	InChI=1S/C13H12N4/c14-9-5-1-2-6-10(9)15-13-16-11-7-3-4-8-12(11)17-13/h1-8H,14H2,(H2,15,16,17)	Oprea1_709043	C1=CC=C(C(=C1)N)NC2=NC3=CC=CC=C3N2	2.70000005	672245	database;PubChem:(672245);PubMed;CHEBI:(120925);PubChem class - bio and metabolites	68736254050
4	1	N/A	-135.5109181637914	C13H12N4	[M + H]+	SYXACIGWSSQBAJ	InChI=1S/C13H12N4/c1-2-12-11(9-3-5-16-6-4-9)7-10(8-14)13(15)17-12/h3-7H,2H2,1H3,(H2,15,17)	2-Amino-3-cyano-6-ethyl-5-(4-pyridyl)pyridine	CCC1=C(C=C(C(=N1)N)C#N)C2=CC=NC=C2	2.20000005	131059	MeSH:(131059);database;PubChem:(131059);PubMed	68719476806
5	1	N/A	-187.4255773460046	C13H12N4	[M + H]+	WNWBOKCOOMCJDA	InChI=1S/C13H12N4/c1-3-7-12(8-4-1)16-14-11-15-17-13-9-5-2-6-10-13/h1-11,16H	N''-anilino-N-phenyliminomethanimidamide	C1=CC=C(C=C1)NN=CN=NC2=CC=CC=C2	4.0999999	137247;5462963;9576958	MeSH:(9576958);database;PubChem:(137247 5462963 9576958);PubMed	68719476806
6	1	N/A	-204.6094828767511	C13H12N4	[M + H]+	PBMFTABLURJDPD	InChI=1S/C13H12N4/c14-13(15)17-11-6-2-1-4-9(11)8-10-5-3-7-16-12(10)17/h1-7H,8H2,(H3,14,15)	null	C1C2=C(N=CC=C2)N(C3=CC=CC=C31)C(=N)N	1.60000002	129830393	PubChem:(129830393);database	68719476738