structureRankPerFormula	formulaRank	ConfidenceScore	CSI:FingerIDScore	molecularFormula	adduct	InChIkey2D	InChI	name	smiles	xlogp	pubchemids	links	dbflags
1	1	0.570439578937582	-75.00016934623588	C36H64O11	[M + Na]+	NUGXFAXZOUMRFJ	InChI=1S/C36H64O11/c1-31(2)23(39)10-12-33(5)22-15-19(38)25-18(36(8,45)14-11-24(40)32(3,4)44)9-13-34(25,6)35(22,7)16-20(29(31)33)46-30-28(43)27(42)26(41)21(17-37)47-30/h18-30,37-45H,9-17H2,1-8H3	null	CC1(C(CCC2(C1C(CC3(C2CC(C4C3(CCC4C(C)(CCC(C(C)(C)O)O)O)C)O)C)OC5C(C(C(C(O5)CO)O)O)O)C)O)C	2.0	10258956;102275098;131752935	COCONUT:(CNP0310927);HMDB:(40782);Natural Products:(UNPD6892);database;PubChem:(10258956 102275098 131752935);SuperNatural:(SN00252381);PubChem class - bio and metabolites	68739432458
2	1	N/A	-102.90019067582658	C36H64O11	[M + Na]+	JGBAZWUZJBIUPK	InChI=1S/C36H64O11/c1-31(2)21-9-13-34(6)22(33(21,5)14-11-24(31)46-30-28(42)27(41)26(40)20(18-37)45-30)17-19(38)29(34)36(8)16-12-25(47-36)35(7,44)15-10-23(39)32(3,4)43/h19-30,37-44H,9-18H2,1-8H3	null	CC1(C2CCC3(C(C2(CCC1OC4C(C(C(C(O4)CO)O)O)O)C)CC(C3C5(CCC(O5)C(C)(CCC(C(C)(C)O)O)O)C)O)C)C	2.4000001	101682277;102275097	COCONUT:(CNP0146569);Natural Products:(UNPD193053 UNPD185000);database;PubChem:(101682277 102275097);SuperNatural:(SN00307391)	68722655234
3	1	N/A	-115.68123025782857	C36H64O11	[M + Na]+	KBWCXLKUIPNJBE	InChI=1S/C36H64O11/c1-31(2)21-9-13-34(6)22(33(21,5)14-11-24(31)46-30-28(42)27(41)26(40)20(18-37)45-30)17-19(38)29(34)35(7,44)15-10-23(39)36(8)16-12-25(47-36)32(3,4)43/h19-30,37-44H,9-18H2,1-8H3	null	CC1(C2CCC3(C(C2(CCC1OC4C(C(C(C(O4)CO)O)O)O)C)CC(C3C(C)(CCC(C5(CCC(O5)C(C)(C)O)C)O)O)O)C)C	2.9000001	101682276;102275100	COCONUT:(CNP0300786);Natural Products:(UNPD92305 UNPD101001);database;PubChem:(101682276 102275100);SuperNatural:(SN00274466 SN00275918)	68722655234
4	1	N/A	-214.21912684226183	C36H64O11	[M + Na]+	DPYJSGIGESZKHU	InChI=1S/C36H64O11/c1-22(13-15-27-35(7,42)19-17-25(45-27)33(3,4)41)11-9-10-12-23(2)14-16-28-36(8,43)20-18-26(46-28)34(5,6)47-32-31(40)30(39)29(38)24(21-37)44-32/h11-12,24-32,37-43H,9-10,13-21H2,1-8H3	null	C/C(=C\CC/C=C(\C)CCC1OC(C(C)(C)OC2OC(CO)C(O)C(O)C2O)CCC1(C)O)CCC1OC(C(C)(C)O)CCC1(C)O	3.860401689541462	""	""	0