structureRankPerFormula	formulaRank	ConfidenceScore	CSI:FingerIDScore	molecularFormula	adduct	InChIkey2D	InChI	name	smiles	xlogp	pubchemids	links	dbflags
1	1	0.4469864163834175	-58.060446833698336	C22H23ClN6O	[M + H]+	PSIFNNKUMBGKDQ	InChI=1S/C22H23ClN6O/c1-2-3-8-20-24-21(23)19(14-30)29(20)13-15-9-11-16(12-10-15)17-6-4-5-7-18(17)22-25-27-28-26-22/h4-7,9-12,30H,2-3,8,13-14H2,1H3,(H,25,26,27,28)	losartan	CCCCC1=NC(=C(N1CC2=CC=C(C=C2)C3=CC=CC=C3C4=NNN=N4)CO)Cl	4.30000019	3961;25235250;25235300;25235301;25235400;25235899;25235940;24808540;45039667;59738365;59738370;59738378;59738380;59738384;59738385;59738387;89267369;89267370;123651193;129627340;138396164	HMDB:(14816);additional;MeSH:(3961);PubMed;NORMAN:(NS00008822);COCONUT:(CNP0209828);database;PubChem:(3961 25235250 25235300 25235301 25235400 25235899 25235940 24808540 45039667 59738365 59738370 59738378 59738380 59738384 59738385 59738387 89267369 89267370 123651193 129627340 138396164);CHEBI:(6541);PubChem class - bio and metabolites;KEGG:(C07072);PubChem class - safety and toxic;PubChem class - drug	68839801198