structureRankPerFormula	formulaRank	ConfidenceScore	CSI:FingerIDScore	molecularFormula	adduct	InChIkey2D	InChI	name	smiles	xlogp	pubchemids	links	dbflags
1	1	0.2878494328069714	-183.8071944891071	C27H44O10	[M + Na]+	ZVUKZMWLRYNENB	InChI=1S/C27H44O10/c1-6-27(4,37-26-24(33)23(32)22(31)21(16-29)36-26)12-8-11-19(15-28)10-7-9-17(2)13-20(30)14-18(3)25(34)35-5/h6,9,11,14,20-24,26,28-33H,1,7-8,10,12-13,15-16H2,2-5H3	null	CC(=CCCC(=CCCC(C)(C=C)OC1C(C(C(C(O1)CO)O)O)O)CO)CC(C=C(C)C(=O)OC)O	1.5	101843636	COCONUT:(CNP0183545);Natural Products:(UNPD128673);database;PubChem:(101843636);SuperNatural:(SN00233374)	68722655234
2	1	N/A	-208.93905993192877	C27H44O10	[M + Na]+	AABZWWBXDMYGEW	InChI=1S/C27H44O10/c1-2-3-7-11-20-18(13-14-21(20)30)10-8-5-4-6-9-12-23(31)35-16-19(29)17-36-27-26(34)25(33)24(32)22(15-28)37-27/h3,7,13-14,18-20,22,24-29,32-34H,2,4-6,8-12,15-17H2,1H3	null	CCC=CCC1C(C=CC1=O)CCCCCCCC(=O)OCC(COC2C(C(C(C(O2)CO)O)O)O)O	2.0999999	101740647;101374339	COCONUT:(CNP0316931);Natural Products:(UNPD175454);database;PubChem:(101740647 101374339);SuperNatural:(SN00404354)	68722655234