structureRankPerFormula	formulaRank	ConfidenceScore	CSI:FingerIDScore	molecularFormula	adduct	InChIkey2D	InChI	name	smiles	xlogp	pubchemids	links	dbflags
1	1	0.3211869242147626	-4.802594955675148	C6H8ClN5O2S	[M - H]-	PGOOBECODWQEAB	InChI=1S/C6H8ClN5O2S/c1-8-6(11-12(13)14)10-3-4-2-9-5(7)15-4/h2H,3H2,1H3,(H2,8,10,11)	Dantotsu	CN=C(NCC1=CN=C(S1)Cl)N[N+](=O)[O-]	1.20000005	213027;44629619;86287519;135529435;135779804;137067467;136257761;139024812;138396045	ZINC bio:(ZINC13827936);additional;HSDB:(210880-92-5);MeSH:(86287519 135529435 135779804 136257761);PubMed;NORMAN:(NS00009180);COCONUT:(CNP0345674);database;PubChem:(213027 44629619 86287519 135529435 135779804 137067467 136257761 139024812 138396045);CHEBI:(39177 39178);PubChem class - bio and metabolites;KEGG:(C18508);PubChem class - safety and toxic;Training Set	68806271846