structureRankPerFormula	formulaRank	ConfidenceScore	CSI:FingerIDScore	molecularFormula	adduct	InChIkey2D	InChI	name	smiles	xlogp	pubchemids	links	dbflags
1	1	0.2976207840262116	-9.25370080522677	C16H12N2O4S	[M - H]-	RDUJRVXKAIVTDH	InChI=1S/C16H12N2O4S/c19-15-10-5-11-3-1-2-4-14(11)16(15)18-17-12-6-8-13(9-7-12)23(20,21)22/h1-10,19H,(H,20,21,22)	null	C1=CC=C2C(=C1)C=CC(=C2N=NC3=CC=C(C=C3)S(=O)(=O)O)O	3.55718422	11315;3664740;100958454;138396177	NORMAN:(NS00010916);COCONUT:(CNP0002756 CNP0043287);HMDB:(37836);database;PubChem:(11315 3664740 100958454 138396177);SuperNatural:(SN00133581 SN00125168);ZINC bio:(ZINC03846899);additional;MeSH:(11315);Training Set;PubMed	68723433550
2	1	N/A	-37.75905409796411	C16H12N2O4S	[M - H]-	PURJGKXXWJKIQR	InChI=1S/C16H12N2O4S/c19-16-10-9-15(13-3-1-2-4-14(13)16)18-17-11-5-7-12(8-6-11)23(20,21)22/h1-10,19H,(H,20,21,22)	null	C1=CC=C2C(=C1)C(=CC=C2O)N=NC3=CC=C(C=C3)S(=O)(=O)O	3.29999995	10656;3856250;100958455	NORMAN:(NS00033728);COCONUT:(CNP0003162);HMDB:(32886);database;PubChem:(10656 3856250 100958455);ZINC bio:(ZINC04416663);PubChem class - bio and metabolites;PubChem class - safety and toxic;PubMed	68805730378
3	1	N/A	-372.9027965978638	C16H12N2O4S	[M - H]-	CSYFFQVEQXEIAB	InChI=1S/C16H12N2O4S/c17-23(21,22)11-7-5-10(6-8-11)18-14-9-15(19)12-3-1-2-4-13(12)16(14)20/h1-9,18H,(H2,17,21,22)	4-((1,4-dioxo-1,4-dihydronaphthalen-2-yl)amino)benzenesulfonamide	C1=CC=C2C(=C1)C(=O)C=C(C2=O)NC3=CC=C(C=C3)S(=O)(=O)N	1.88199937	12387471	database;PubChem:(12387471);PubMed;CHEBI:(125338)	68719476834
4	1	N/A	-394.58757770396545	C16H12N2O4S	[M - H]-	RWZPEBJPWGVNIQ	InChI=1S/C16H12N2O4S/c19-15-9-6-11-10-13(23(20,21)22)7-8-14(11)16(15)18-17-12-4-2-1-3-5-12/h1-10,17H,(H,20,21,22)	null	O=C1C=Cc2cc(S(=O)(=O)O)ccc2/C1=N\Nc1ccccc1	2.648301433323775	""	""	0
5	1	N/A	-442.0173977806236	C16H12N2O4S	[M - H]-	LDIUORFGWOBQBG	InChI=1S/C16H12N2O4S/c1-21-16(20)14-11(6-8-23-14)12-4-5-13(22-12)15(19)18-10-3-2-7-17-9-10/h2-9H,1H3,(H,18,19)	Oprea1_449168	COC(=O)C1=C(C=CS1)C2=CC=C(O2)C(=O)NC3=CN=CC=C3	2.5999999	2766439	database;PubChem:(2766439);PubMed;CHEBI:(121040)	68719476834