structureRankPerFormula	formulaRank	ConfidenceScore	CSI:FingerIDScore	molecularFormula	adduct	InChIkey2D	InChI	name	smiles	xlogp	pubchemids	links	dbflags
1	1	0.4410230585138372	-43.10826559017563	C26H29NO	[M + H]+	NKANXQFJJICGDU	InChI=1S/C26H29NO/c1-4-25(21-11-7-5-8-12-21)26(22-13-9-6-10-14-22)23-15-17-24(18-16-23)28-20-19-27(2)3/h5-18H,4,19-20H2,1-3H3	,citrate	CCC(=C(C1=CC=CC=C1)C2=CC=C(C=C2)OCCN(C)C)C3=CC=CC=C3	7.0999999	5376;154923;3032583;3036736;2733526;3370247;5289438;6369059;5462114;11451630;45040456;71752288;71309100;71309191;87751644;101743893;123268533;124202663;131708947;139024599	HMDB:(14813);SuperNatural:(SN00002109);ZINC bio:(ZINC01530689 ZINC01530690);additional;HSDB:(10540-29-1);MeSH:(2733526);PubMed;NORMAN:(NS00010353);COCONUT:(CNP0242315 CNP0267142);Natural Products:(UNPD209836);database;PubChem:(5376 154923 3032583 3036736 2733526 3370247 5289438 6369059 5462114 11451630 45040456 71752288 71309100 71309191 87751644 101743893 123268533 124202663 131708947 139024599);CHEBI:(41774 92766);PubChem class - bio and metabolites;KEGG:(C07108);PubChem class - safety and toxic;PubChem class - drug;Biocyc:(CPD-4541)	68840893294