structureRankPerFormula	formulaRank	ConfidenceScore	CSI:FingerIDScore	molecularFormula	adduct	InChIkey2D	InChI	name	smiles	xlogp	pubchemids	links	dbflags
1	1	0.2285121424532986	-255.3940290118552	C13H18Br2N2O	[M + H]+	JBDGDEWWOUBZPM	InChI=1S/C13H18Br2N2O/c14-9-5-8(13(16)12(15)6-9)7-17-10-1-3-11(18)4-2-10/h5-6,10-11,17-18H,1-4,7,16H2	ambroxol	C1CC(CCC1NCC2=C(C(=CC(=C2)Br)Br)N)O	2.5999999	2132;6957626;45038101;45379480;45379593;45379597;76973657;119090969;138402693	SuperNatural:(SN00001637);ZINC bio:(ZINC00587613);additional;MeSH:(2132);PubMed;NORMAN:(NS00005443);COCONUT:(CNP0118320 CNP0120624);database;PubChem:(2132 6957626 45038101 45379480 45379593 45379597 76973657 119090969 138402693);CHEBI:(135590 92994);PubChem class - bio and metabolites;PubChem class - safety and toxic;PubChem class - drug	68840857702